username, created_at, lng, lat, text
MsCharque, Tue Jan 26 22:58:30 +0000 2021, -74.048834, 41.428703, @SloaneStephens @contecinc Thank you Sloane! You a re a leader and  grand slam champion! Be well and take care of y‚Ä¶ https://t.co/JkapvabHIL 
KanisAngelo, Tue Jan 26 22:58:30 +0000 2021, -88.080754, 41.794445, @naughtywwe I gotta admit it does scream fuck me! 
nursesuzy_q, Tue Jan 26 22:58:30 +0000 2021, -100.076888, 31.168893, @boldstravel thanks for planning 2 trips for me today! #TravelAgentDoesTheWork 
thejhayduh, Tue Jan 26 22:58:30 +0000 2021, -117.104989, 32.810012, I guess getting drunk is the only answer 
UTSAWSOC, Tue Jan 26 22:58:30 +0000 2021, -98.339928, 29.555818, New day new logo breakdownThe Ball. ‚öΩÔ∏è We fell in love with the game as kids and now it‚Äôs embedded in our DNA.‚Ä¶ https://t.co/L3uEzrtZEG 
VogueAbsolute, Tue Jan 26 22:58:30 +0000 2021, -74.184848, 40.734494, #BlackOwnedBusiness #Biblicalsmoke #lashes #minklah #fashionstyle  #cute #makeup https://t.co/5hA1EGxIci 
likearock_, Tue Jan 26 22:58:30 +0000 2021, -77.493170, 37.529883, Now following back @RockO4M 
Todologo40, Tue Jan 26 22:58:30 +0000 2021, -117.104989, 32.810012, @dmorenochavez @hdemauleon Parece que a la oposici√≥n se les olvida que nuestr@s cabecitas de algod√≥n no est√°n sol@s‚Ä¶ https://t.co/CfYwnCXfzr 
JavierGH1213, Tue Jan 26 22:58:27 +0000 2021, -100.076888, 31.168893, Ac√° Frank German, el ligamenor que adquirieron ayer los #RedSox proveniente de los #Yankees junto a Adam Ottavino.‚Ä¶ https://t.co/faMKkfkxfP 
TinxDtl, Tue Jan 26 22:58:30 +0000 2021, -79.616073, 43.555244, üôèüåü https://t.co/zK7QjGVo28 
mfordphoto, Tue Jan 26 22:58:30 +0000 2021, -122.330602, 47.614817, Pretty sure one of my all time favorite moments on a live album is when @LauraJaneGrace calls out the security guar‚Ä¶ https://t.co/9t6w48R1NO 
booyou12, Tue Jan 26 22:58:31 +0000 2021, -86.321494, 36.207541, @LojaRaposinha @letras As vezes eu tento escrever certo e o corretor atrapalha. Como diabos o teu deixa passar isso? 
BridgetMWillard, Tue Jan 26 22:58:31 +0000 2021, -98.540651, 29.417501, @joe4ska Yes! So true. 
SpinksSandra, Tue Jan 26 22:58:31 +0000 2021, -116.517290, 33.825080, @GovHowardDean Thank you. I had a package travel for ten days. 500 miles east to a sorting center in TX from AZ. I‚Ä¶ https://t.co/46xL4Z8wmi 
ichrissylove, Tue Jan 26 22:58:31 +0000 2021, -84.352444, 33.943457, Lmao he so cute it be funny when he scream while busting lol 
Kmgtexas, Tue Jan 26 22:58:31 +0000 2021, -97.754724, 30.323346, @Richardc832 @SenTedCruz Or here I did for you https://t.co/eiJ3pmDpCB 
YungCezzo, Tue Jan 26 22:58:31 +0000 2021, -90.011008, 29.982601, Old Youngboy&gt;&gt;&gt;&gt;&gt; 
StewyIsCool, Tue Jan 26 22:58:31 +0000 2021, -73.948775, 40.655138, Filibuster is such a cool word for something so boring ü§îü•± 
pcarnes8916, Tue Jan 26 22:58:31 +0000 2021, -82.700116, 34.792575, @CNN Hope he can't find anyone. Watch the video. 
soniaaaaaax3, Tue Jan 26 22:58:31 +0000 2021, -74.187304, 40.808510, @Amygusosa Naciste sin uno, no te acordas? 
JohnGrahamIV, Tue Jan 26 22:58:31 +0000 2021, -92.436774, 38.304558, @hellonwheels72 @abandonedameric has photographed plenty of abandoned prisons.  We don't need any more.  Could func‚Ä¶ https://t.co/Bya2rZYPjW 
DurosoThomas, Tue Jan 26 22:58:31 +0000 2021, -90.247824, 38.653771, #EyeWitnessOfGod #YourHonor #EyeWitnessOfGod#SkyUnmissable https://t.co/MbTXVh5fwX 
charlielangton, Tue Jan 26 22:58:31 +0000 2021, -83.212961, 42.460861, The minister who was carjacked, beaten, and had his LAST SUPPER MOBILE MINISTRY van stolen- reflects on that terrib‚Ä¶ https://t.co/IPJ6z4UgEq 
punkfemboi, Tue Jan 26 22:58:31 +0000 2021, -73.948775, 40.655138, @AConsiderateTop ü•¥ 
thaboydavxd, Tue Jan 26 22:58:31 +0000 2021, -76.955799, 38.960842, @kngjustin1 @mightyb08 @Nike thanks!! 
sweetndark23, Tue Jan 26 22:58:31 +0000 2021, -96.961483, 32.863917, Folks keep telling me I‚Äôm getting smaller üôÑ ion like it 
bradengw, Tue Jan 26 22:58:31 +0000 2021, -86.611411, 34.706027, #WearAMaskSaveAlife #WearADamnMask https://t.co/vJ5vmeJ4Gh 
janasiamarche, Tue Jan 26 22:58:31 +0000 2021, -83.173867, 32.678207, The extra toasty Cheez-its are my fave!! So glad they made these 
johnnxoo, Tue Jan 26 22:58:31 +0000 2021, -98.152419, 26.347525, damn ripüòî @6dogs 
magee_jason, Tue Jan 26 22:58:32 +0000 2021, -112.124676, 33.552863, üçæüéâüôè 
ASU_SuperFan, Tue Jan 26 22:58:32 +0000 2021, -117.104989, 32.810012, @ThatGuyAlvinn @avery_abe @equitybruin @cronair Wake me up when UW wins in Sun Devil Stadium. 
K_Padge, Tue Jan 26 22:58:32 +0000 2021, -83.804475, 27.698682, @SecondGentleman @chrislongview Best of luck! The best advice I can give you is to be yourself...and listen. 
Serenityboy_1, Tue Jan 26 22:58:32 +0000 2021, -84.208466, 39.882031, @JColeNC We need an album Broüò≠‚ÄºÔ∏è 
Sidenorna, Tue Jan 26 22:58:32 +0000 2021, -122.031186, 36.979375, @BryanGo I don't think he is meant be liked. I sympathize with him but he i√ü totally stupid https://t.co/cZb5dqp2YK 
TrapAndFamous, Tue Jan 26 22:58:32 +0000 2021, -73.831187, 40.670879, It‚Äôs Leg Day. üôèüèæ for me!! 
Hayes_BHCSports, Tue Jan 26 22:58:32 +0000 2021, -81.684322, 36.802014, #VHSL Girls Hoops, End 3: Rural Retreat 42, Chilhowie 28 
_KUMARIO7, Tue Jan 26 22:58:32 +0000 2021, -80.926628, 33.631140, Big Willie Style inspired a few flows on Summer Aesthetics 
sunny051488, Tue Jan 26 22:58:33 +0000 2021, -117.022695, 38.502147, @seowtk @Rapidavenger941 @StealthQE4 @TrashBridges But then Joe‚Äôs portfolio is gonna explode and he won‚Äôt be able to retire? 
BenichOlivia, Tue Jan 26 22:58:33 +0000 2021, -117.191191, 34.257528, @Socamonarch87 @miloandnoah Wow I‚Äôm so sorry, bless her soul. When we lost our Rottie it‚Äôs like you say, it‚Äôs the h‚Ä¶ https://t.co/LZxH6EbdLD 
BaddassHeaven, Tue Jan 26 22:58:33 +0000 2021, -83.173867, 32.678207, üòÇüòÇüòÇ these crunchy Ho mad cause that Nigga told you to get an abortionüòÇ 
gustafengstrom, Tue Jan 26 22:58:33 +0000 2021, -73.948775, 40.655138, Write one peer review per day, spaced out perfectly through the week or write them all the last two hours on Friday? You know! 
vanseahawk, Tue Jan 26 22:58:33 +0000 2021, -123.130836, 49.174242, @FieldGulls Hire holmgren, best offence snd defensive minds together 
AntiHero_2pt0, Tue Jan 26 22:58:33 +0000 2021, -84.557899, 42.712049, Cottage Cheese. Never. https://t.co/6OPCQmclkm 
aikibuckeyefan, Tue Jan 26 22:58:33 +0000 2021, -81.725504, 41.024360, @MirandaStarr17 https://t.co/KukFhtd9dr 
thevibekid, Tue Jan 26 22:58:33 +0000 2021, -86.409610, 35.847420, @theejadabrown literally this dumbest shit i‚Äôve heard in a while , ‚Äúsexuality‚Äù got a root word , ‚Äúsex‚Äù plus ‚Äúsexual‚Ä¶ https://t.co/75c9sIhIq7 
Zeuswashere13, Tue Jan 26 22:58:33 +0000 2021, -71.463968, 41.768938, Sigh 
StevenBorn5, Tue Jan 26 22:58:33 +0000 2021, -117.022695, 38.502147, @NomikiKonst https://t.co/7jBPHd9s4W 
agibson1971, Tue Jan 26 22:58:33 +0000 2021, -86.145320, 39.583039, My version of the pear and berry salad from Bubba Gump https://t.co/lcX3OvEdKE 
sippishow, Tue Jan 26 22:58:33 +0000 2021, -90.479380, 30.482053, @AdamJGrimsley @NickMullens @Saints I agree too buuuut what about Winston and Hill 
HeadDuck, Tue Jan 26 22:58:33 +0000 2021, -123.122401, 44.065621, ‚ÜóÔ∏è‚≠ê‚úîÔ∏è 
barnacleboi777, Tue Jan 26 22:58:33 +0000 2021, -118.411907, 34.020789, @ProdByCilour i feel u but recording vocals isn‚Äôt the problem tho- as of today every artist that was alive and insp‚Ä¶ https://t.co/suFNCWXlIl 
GarciaRickie, Tue Jan 26 22:58:33 +0000 2021, -118.163276, 34.685827, Just saw 7 cop cars fly right by me... siiiiiick 
MixxedBreeed_, Tue Jan 26 22:58:33 +0000 2021, -87.920083, 41.172804, yea my babydaddy takin it üòÇ i definitely can have Lia to myself üíØ he dont have to be around ! 
Ramelleoverby, Tue Jan 26 22:58:34 +0000 2021, -77.931357, 35.738678, @MilanChrisGordy No 
renea_olivia, Tue Jan 26 22:58:34 +0000 2021, -121.287080, 38.693226, me &amp; kam didn‚Äôt talk for like 8 hours (&amp; most of that was sleep) &amp; she called me &amp; goes ‚Äúhey bitch we haven‚Äôt talke‚Ä¶ https://t.co/PGX2qUgHst 
CharltonSchrie9, Tue Jan 26 22:58:34 +0000 2021, -97.754724, 30.323346, https://t.co/YTrUfxmKRw 
BIGDTHEVILLIAN, Tue Jan 26 22:58:34 +0000 2021, -74.724323, 40.073041, @micworleyyyy @Wario64 I appreciate it 
Dj_Eddy9, Tue Jan 26 22:58:34 +0000 2021, -79.420865, 38.003376, @LouieDi13 You don do well bro üôåüèæüôåüèæ 
laurietug1, Tue Jan 26 22:58:34 +0000 2021, -76.255686, 36.895082, @OMGno2trump @denver_rose Yes it is and example ramen at 1.50 ok lmao ü§∑‚Äç‚ôÄÔ∏èthey 10 cent now what‚Äôs wrong with this picture #nobailmyass 
SincerelyxBri, Tue Jan 26 22:58:34 +0000 2021, -118.131964, 34.177310, Thank fucking baby Jesus for this pedicure https://t.co/sfXkNiIYLH 
ConradAu, Tue Jan 26 22:58:34 +0000 2021, -122.755776, 49.285459, Quarantining in the same bubble for 6 months.That and 6 months of married life üòÅ https://t.co/4Q77nlxeFU 
teezythegreat, Tue Jan 26 22:58:34 +0000 2021, -87.732013, 41.833585, a brother waiting for a brother downfall smh 
alitamighela, Tue Jan 26 22:58:34 +0000 2021, -117.022463, 32.633767, @viajaVolaris Hola! Me gustar√≠a saber si puedo viajar con una urna con cenizas. Gracias de antemano. 
ken_mar7, Tue Jan 26 22:58:34 +0000 2021, -81.620173, 31.827507, Est.8.26.89 #HappySpouseDay  The Alexis' https://t.co/vPdSJ5iLlN 
landenmaraj, Tue Jan 26 22:58:34 +0000 2021, -118.411907, 34.020789, eye- 
johnswagjohnson, Tue Jan 26 22:58:34 +0000 2021, -76.620482, 39.284713, Hey siri: google least painful ways to die in a gym 
vontenyc, Tue Jan 26 22:58:34 +0000 2021, -73.948775, 40.655138, Whew I heard Harlem and jimmy and thought my guy was really BALLIN. Idk who jimmy smacks is so we good lol 
ruthellaowens, Tue Jan 26 22:58:34 +0000 2021, -96.761753, 32.819858, Of course! 
MikLovin2020, Tue Jan 26 22:58:34 +0000 2021, -106.417430, 31.793368, @sasshole785 https://t.co/v3BtY4WkhT 
joeslandlord, Tue Jan 26 22:58:35 +0000 2021, -88.161321, 41.748496, @persianyoga Canon of Medicine.  One of most influential writings in science. 
jrdsctt, Tue Jan 26 22:58:35 +0000 2021, -111.917026, 40.765805, @EtherealZephyr @The_Okina @glitchartistsco uwu 
bmcclurejr, Tue Jan 26 22:58:35 +0000 2021, -93.361321, 46.441861, @baseballhof do the right thing. #clemens #bonds #schilling 
Reno1949, Tue Jan 26 22:58:35 +0000 2021, -87.464172, 41.440990, @MrAhmednurAli Brady leaves his politics in the locker room. 
PsykeXo, Tue Jan 26 22:58:35 +0000 2021, -76.324382, 39.503100, @FaZeSway tee grizzley polo g lil baby 
TropicalTanGRLK, Tue Jan 26 22:58:35 +0000 2021, -88.030474, 42.346857, @TropicalTanPala have a good shift boo ü§é 
annep426, Tue Jan 26 22:58:35 +0000 2021, -73.948775, 40.655138, Just waiting for my brother to come home. https://t.co/P4DvYhP8NG 
ReysMama15, Tue Jan 26 22:58:36 +0000 2021, -97.542584, 32.887577, 23 more days and I get to escape with my favorite human for a few days ü•∫ 
MikeTodd614, Tue Jan 26 22:58:36 +0000 2021, -82.985772, 39.994684, @the_real__mccoy Miss you, brother 
MrEdawg, Tue Jan 26 22:58:36 +0000 2021, -98.540651, 29.417501, Can‚Äôt watch any of these Kobe tribute videos ‚òπÔ∏èü•∫ 
87treehigh, Tue Jan 26 22:58:36 +0000 2021, -95.118550, 29.793678, Need a real bitch 
BrittanyLindMN, Tue Jan 26 22:58:36 +0000 2021, -92.122840, 46.758335, Real talk. He compared it to being waterboarded... But for 3 days. 
reformed_safer, Tue Jan 26 22:58:36 +0000 2021, -92.633835, 32.536900, @cgob69 Bastion flank routes... tryna see somthin 
SheAVirgo1, Tue Jan 26 22:58:36 +0000 2021, -74.214139, 40.766601, got a new customer &amp; she brought my hair i have on hand ü•∞ü•∞ü•∞ü•∞.. yup im excited i get to slay another wig! 
LETHALWEAPONMV, Tue Jan 26 22:58:37 +0000 2021, -95.379440, 29.742680, 30/45 min workout (at @24HourFitness in Houston, TX) https://t.co/0mOvn2Bbon 
adamIII111, Tue Jan 26 22:58:37 +0000 2021, -104.789327, 38.888519, if you could bring anyone back to life, why would it be Kobe 
bigE1209, Tue Jan 26 22:58:37 +0000 2021, -73.849441, 40.850347, You're fucked 
Mocitymatt, Tue Jan 26 22:58:37 +0000 2021, -95.446486, 29.838495, @SimplyDaniShep Lmfaoooo. That‚Äôs more believable. Just better hope I‚Äôm at the crib lol. 
GHSWeather, Tue Jan 26 22:58:37 +0000 2021, -85.841225, 41.572800, @DukesJeff @IEReporter https://t.co/WsqFl1kfO6 
Rmcnatton3, Tue Jan 26 22:58:37 +0000 2021, -87.574691, 38.003467, It's always a fine day when your in it Christian 
AnotherLibShill, Tue Jan 26 22:58:38 +0000 2021, -100.076888, 31.168893, @AngryBlackLady Here‚Äôs my recipe for cooking bacon in the oven, first, let me tell you about growing up and I would‚Ä¶ https://t.co/mAZqZBuFxD 
KHarris314, Tue Jan 26 22:58:38 +0000 2021, -90.368933, 38.785832, Stop giving life to dead situations a long time ago ü§∑üèΩ‚Äç‚ôÇÔ∏è 
Free_Dangergoon, Tue Jan 26 22:58:38 +0000 2021, -122.630908, 45.536402, I need the snow stick on the ground so I can build an igloo and drink inside it 
dewayne_steele, Tue Jan 26 22:58:38 +0000 2021, -85.285191, 34.969897, @iluvtacos0822 https://t.co/eFbOh58AEe 
andersprofeta, Tue Jan 26 22:58:38 +0000 2021, -83.804475, 27.698682, 1 year already how crazy 
Mike_Combe, Tue Jan 26 22:58:38 +0000 2021, -117.397616, 33.935822, @JennaEllisEsq https://t.co/BjkEse5IGy 
megireid, Tue Jan 26 22:58:38 +0000 2021, -81.940298, 34.949965, Go @CarterSickels! Praise just keeps rolling in for your beautiful book ‚ù§Ô∏èüè≥Ô∏è‚Äçüåà 
mydayinSF, Tue Jan 26 22:58:38 +0000 2021, -122.435979, 37.770657, I saw my first daffodil of the year today https://t.co/IoPUOguq6r 
smashmario, Tue Jan 26 22:58:38 +0000 2021, -118.411907, 34.020789, @lucashenriquez amiga kkkk dm 
Will3654, Tue Jan 26 22:58:38 +0000 2021, -78.791931, 42.892428, @billsmafiamma @BradleyGelber The correct question is why would the Bills want to move from Allen? 
chub_B_W, Tue Jan 26 22:58:38 +0000 2021, -84.470729, 33.861402, https://t.co/j1mywyR8KG 
heatherwetzler, Tue Jan 26 22:58:38 +0000 2021, -118.480420, 34.022688, @kaimac OMGDo you follow @williamlegate?Have really been enjoying his threads on it today. OMG 
heyjuuu, Tue Jan 26 22:58:38 +0000 2021, -94.482994, 39.048946, I wouldn‚Äôt consider this a loss. #BillsMafia üíôü¶¨‚ù§Ô∏è @buffalobills @ Arrowhead Stadium https://t.co/613qmKx73R 
Lambert64431985, Tue Jan 26 22:58:39 +0000 2021, -117.022695, 38.502147, #QCongress  #QCongress  #QCongress  #QCongress.  please RT 
AndrewFatolitis, Tue Jan 26 22:58:39 +0000 2021, -82.755341, 27.992711, @slurpee thank you so much for the 7Rewatds 100,000 points!!!! #7rewards #7eleven https://t.co/eLdg7XxSxL 
aholmaas, Tue Jan 26 22:58:39 +0000 2021, -93.262046, 44.970610, Thought this promoted post said LOW instead of LOVE and I just kind of shrugged in agreement. https://t.co/Fs3adefz5V 
Andu_Hernundez, Tue Jan 26 22:58:39 +0000 2021, -119.306608, 37.269176, Hope everyone is having a good day besides the CM who informed me about Kobe‚Äôs death moments before closing the doors for guardians 
AAdamsWX, Tue Jan 26 22:58:39 +0000 2021, -81.806330, 26.131672, Sea-fog-y sun-set-y #flwx #swfl https://t.co/SHj67WVkjg 
Oh_Wise1, Tue Jan 26 22:58:39 +0000 2021, -98.540651, 29.417501, Somebody had to say it! 
jbatt70, Tue Jan 26 22:58:39 +0000 2021, -93.606369, 41.576437, @BarryinIowa https://t.co/CzqkiO82DU 
sugator65, Tue Jan 26 22:58:40 +0000 2021, -82.458175, 34.807885, @clay_first HE AIN'T THE REAL PRESIDENT! 
chstr3rd, Tue Jan 26 22:58:39 +0000 2021, -88.200334, 40.115085, @rohanpmatthew @jadafulcher @haolun1 @rynboba NINTENDO BRING BACK MY GIRL CYNTHIA üì¢‚ÄºÔ∏è Also I wanna have shinx back‚Ä¶ https://t.co/5qWTGn7OOM 
RETR0MIKEY, Tue Jan 26 22:58:40 +0000 2021, -73.829384, 40.912499, @imjontolbert Some rebuttal on why I think it‚Äôs a good long term option. I agree right now it‚Äôs crazy but it will c‚Ä¶ https://t.co/QECrNPP4QK 
shaaarlette, Tue Jan 26 22:58:40 +0000 2021, -121.407179, 36.845567, @AuronzMt Exactly u don‚Äôt know me so stop tweeting me for attention 
metzsam, Tue Jan 26 22:58:40 +0000 2021, -119.827182, 39.512436, Also, in the Lower Basin, the 24mo study is the first time @usbr indicated on paper that more cuts would come to Ne‚Ä¶ https://t.co/yO1KhRhy4M 
Pumpi91, Tue Jan 26 22:58:40 +0000 2021, -87.732013, 41.833585, I‚Äôd be ok with Derek Carr 
beerswithnigel, Tue Jan 26 22:58:40 +0000 2021, -94.378600, 38.911800, Hop bitterness &amp; fruity flavors play well together - Drinking a Stardust Angel Moon Drip by @grainstaps at‚Ä¶ https://t.co/SHR3TyYVZm 
HCPSLanier, Tue Jan 26 22:58:40 +0000 2021, -82.442694, 27.996595, We love our music teacher!! Students were greeted this morning with some acoustic guitar courtesy of @Lanier_Music‚Ä¶ https://t.co/VJm0ueNjBh 
heynickandersen, Tue Jan 26 22:58:40 +0000 2021, -80.132962, 25.816966, @ray__mckigney @funguyhamlin Greed is good, baby 
bouman_joe, Tue Jan 26 22:58:40 +0000 2021, -75.386460, 39.145024, @RepMattGaetz I hear Parler is back up. 
sosochels, Tue Jan 26 22:58:40 +0000 2021, -84.326217, 33.820161, @embraceURlovely Prayers cause I decided that‚Äôs my dream car 
plotner_mike, Tue Jan 26 22:58:40 +0000 2021, -82.669467, 40.365160, @faithmaile12 Because you've lived it https://t.co/QvhDPynp7M 
tmj_KSH_jobs, Tue Jan 26 22:58:40 +0000 2021, -99.326770, 38.879178, Interested in a job in #Hays, KS? This could be a great fit: https://t.co/9GSTmRZgaD #BusinessMgmt 
PatrickJDaly1, Tue Jan 26 22:58:40 +0000 2021, -71.189800, 41.972400, Drinking a Rabbit Rabbit by @LamplighterBrew @ Norton, MA ‚Äî https://t.co/XXlp7i1vHV 
tmj_OHD_sales, Tue Jan 26 22:58:40 +0000 2021, -84.159341, 39.788304, If you're looking for work in #Dayton, OH, check out this job: Sales Representative https://t.co/OHe6WjQ9iY #cintasjobs 
twntytwntyvzn, Tue Jan 26 22:58:41 +0000 2021, -90.328675, 38.645911, @ersxo__ the key is to stay far away from ppl who bring it out in u. I‚Äôm the nicest person ever day to day but I am‚Ä¶ https://t.co/kfl0nvq3Hl 
tmj_nyc_nursing, Tue Jan 26 22:58:41 +0000 2021, -73.985407, 40.295452, RWJBH is hiring in #LongBranch, NJ! Read about our latest #Nursing job opening via the link in our bio: Patient Car‚Ä¶ https://t.co/PubPeuyVNo 
MisaelGonzalez, Tue Jan 26 22:58:41 +0000 2021, -95.446486, 29.838495, üò• #RIPKobe 
DrDiva82, Tue Jan 26 22:58:41 +0000 2021, -73.968542, 40.780709, DC definitely - Puerto Rico - not so fast! 
JamesKnellerMD, Tue Jan 26 22:58:41 +0000 2021, -112.124676, 33.552863, @ChrisWi29099220 @MJAckermanMDPhD Protocol? Procainamide? 
Erin___Renee, Tue Jan 26 22:58:41 +0000 2021, -93.086288, 31.762242, here‚Äôs one for ‚Äúthe Ellie Chronicles‚Äù bc i forgot to post it when it happened and it‚Äôs been a year officially *cue‚Ä¶ https://t.co/xueY5JPAvs 
patriciabellomo, Tue Jan 26 22:58:41 +0000 2021, -82.914576, 42.584895, @latimes Her ancestors were the largest slave owners in Jamaica 
realkalebvaughn, Tue Jan 26 22:58:41 +0000 2021, -97.445173, 35.222301, @KyleAshMusic My new song #MIRRORü™ûcomes out in 9 days!!Presave link below!! üôÇ‚ú® https://t.co/aAgPN6U9Q7 https://t.co/OI4Lrij14F 
KING_of_freaks1, Tue Jan 26 22:58:41 +0000 2021, -79.861034, 35.170499, I need some good head right now 
DanielleDurfee, Tue Jan 26 22:58:41 +0000 2021, -86.791549, 36.200008, i have a date tonight and i‚Äôm just wondering which one of me agreed to this ???? 
KathyLovetro, Tue Jan 26 22:58:41 +0000 2021, -87.883405, 42.589265, @KingDay__ Me, too! 
bryanthaynes1, Tue Jan 26 22:58:41 +0000 2021, -79.861034, 35.170499, @politvidchannel little marco, again, by the daughter. 
JustinMcKeeWx, Tue Jan 26 22:58:41 +0000 2021, -79.957910, 37.274489, I don‚Äôt keep track of forecast accuracy like some mets do, but I‚Äôm pretty sure today‚Äôs 18-degree miss on the high i‚Ä¶ https://t.co/GXVldsIueE 
CellzGrammz, Tue Jan 26 22:58:41 +0000 2021, -73.849441, 40.850347, RIP KOBE &amp; GiGi ü•∫ 
DRdiabloTHW, Tue Jan 26 22:58:41 +0000 2021, -74.304651, 40.436870, On the ice at center too 
lifewith_ronnie, Tue Jan 26 22:58:41 +0000 2021, -77.036781, 38.894597, Just posted a photo @ USA https://t.co/CZgjj8LBw7 
andrewtwatts, Tue Jan 26 22:58:41 +0000 2021, -121.311582, 44.059938, @MrZackMorris @MrZackMorris you are a VILLAIN https://t.co/SrmMyfupf6 
jjwiedem, Tue Jan 26 22:58:42 +0000 2021, -88.342068, 41.981102, @BigFernowski @SteveHiltonx How can you say this information does not create the possibility?  I am amazed that an‚Ä¶ https://t.co/6RW1I0zeY0 
Timmaaay_, Tue Jan 26 22:58:42 +0000 2021, -76.593943, 24.074967, @_BabyOil_ üëÄ 
BeiramAhmed, Tue Jan 26 22:58:42 +0000 2021, -87.821134, 41.811298, 1 year later and still doesn‚Äôt feel real 
LindaScruples, Tue Jan 26 22:58:42 +0000 2021, -95.512464, 29.979187, Carole is lovely in her AZI rose top! @ Scruples Boutique Houston https://t.co/1mWGuXh0f2 
Juan_exotico, Tue Jan 26 22:58:42 +0000 2021, -97.754724, 30.323346, Ok ok ima admit it 
edk_dfs, Tue Jan 26 22:58:42 +0000 2021, -74.310658, 40.541073, $22.22 
freshpen23, Tue Jan 26 22:58:42 +0000 2021, -118.411907, 34.020789, Quality CBD. üëåüèΩ#PlantsForLife #GreenChiTherapy https://t.co/X9nvPL8Ilq 
jensschott, Tue Jan 26 22:58:42 +0000 2021, -73.968542, 40.780709, Across 83rd Street on a damp and rainy January afternoon https://t.co/LReCFt9tut 
randycaswell, Tue Jan 26 22:58:42 +0000 2021, -79.565792, 43.837104, @BrianMacDermid @extrasauce_E @tammy_marchand @curly_woowoowoo @MrNoushi1 @OceanBlueWave20 @waynerothe @BoytMoezy‚Ä¶ https://t.co/99gpngbwtN 
jcorycma, Tue Jan 26 22:58:42 +0000 2021, -93.756100, 41.636688, @Julius_Kim Why wait? https://t.co/fFt7fUVzEQ 
d0ctorsatan, Tue Jan 26 22:58:43 +0000 2021, -82.985772, 39.994684, ‚ÄúYou have so much chaotic energy, I don‚Äôt know how you live with yourself‚Äù - @drewbhall 
wingfield1, Tue Jan 26 22:58:43 +0000 2021, -79.861034, 35.170499, @DunnHingst I commend that and would rather have that outlook, but I don‚Äôt. Too much trauma and PTSD for me. That t‚Ä¶ https://t.co/kamaSuCRQG 
conleyfanclub, Tue Jan 26 22:58:43 +0000 2021, -73.948775, 40.655138, I was born to shine. 
Passeriform, Tue Jan 26 22:58:43 +0000 2021, -71.542562, 43.227570, @marccold He seems to have enjoyed playing with the forms. 
Nortonvt, Tue Jan 26 22:58:43 +0000 2021, -74.563210, 45.187237, Two great women leaders #cdnpoli 
TayHuddOnTV, Tue Jan 26 22:58:43 +0000 2021, -81.488065, 38.408335, Making statements already! Congrats, @CoachHuff! Marshall is very lucky to have you! üèà#RiseAsOne x #WeAreMarshall 
FlirtatiousPeka, Tue Jan 26 22:58:43 +0000 2021, -82.458175, 34.807885, Flirtatious Records Company https://t.co/L9omV5iUnZ 
smol_lex420, Tue Jan 26 22:58:43 +0000 2021, -82.671634, 28.376360, I‚Äôd always swear to god, I‚Äôd never fall in love.. but you showed up and I can‚Äôt get enough of it 
MikeDrewWhat, Tue Jan 26 22:58:43 +0000 2021, -93.105649, 44.941516, For my money this is as good a solo as there is in any major hit in the history of rock: it‚Äôs crazy it‚Äôs not talked‚Ä¶ https://t.co/eVN9BlJcTD 
LorThirteen, Tue Jan 26 22:58:43 +0000 2021, -81.181195, 37.789646, @Killer_Music_Pr https://t.co/JnXJHj5qW1 
MosdefMaro, Tue Jan 26 22:58:44 +0000 2021, -98.540651, 29.417501, @MColeman210 I watched like 15 episodes straight lmaoo 
EASportz_13, Tue Jan 26 22:58:44 +0000 2021, -97.011168, 32.655678, Damn that‚Äôs how you feel lmaooo 
HarasCakes, Tue Jan 26 22:58:44 +0000 2021, -81.367773, 28.501678, @helloproducts Love you guys! Just sent a DM with a question. 
sustainnyc, Tue Jan 26 22:58:44 +0000 2021, -122.630908, 45.536402, @AldenWicker My initial reaction, ü§¶‚Äç‚ôÇÔ∏è that we have another estimate of sector emissions (did they not see the 5 or‚Ä¶ https://t.co/MbAmsuqtMn 
MikeFolz, Tue Jan 26 22:58:44 +0000 2021, -80.233328, 25.782353, @KnnthHmnr @ScottWalldren @TheJohnDiMaggio Mike HAMNER loved that guy 
heavensent757, Tue Jan 26 22:58:44 +0000 2021, -77.310919, 38.685223, I made her coochie smile :) 
chicago55356317, Tue Jan 26 22:58:44 +0000 2021, -87.732013, 41.833585, @CHIxgay @chitownbottom Mmmmmmm fuck. Would love to. 
LNCAthletics, Tue Jan 26 22:58:44 +0000 2021, -80.883981, 35.410351, . @lncwlax start off their season with an 11-2 win over Mooresville! Great win ladies! #LNCpride 
JCannyE, Tue Jan 26 22:58:44 +0000 2021, -97.455741, 35.695222, @Chibob @WarriorZoltar @GetovritJennie Or no imagination.. 
MarianneBMazza1, Tue Jan 26 22:58:44 +0000 2021, -86.142922, 39.779562, @DannyDeraney I am a nobody here on Twitter. I had 1200 followers and now down to almost 800. I follow and support‚Ä¶ https://t.co/Wu9Q0QOzhL 
spaceyvicky, Tue Jan 26 22:58:44 +0000 2021, -74.305673, 40.822634, https://t.co/7UwttL1OxH 
DChristakos84, Tue Jan 26 22:58:44 +0000 2021, -77.859133, 39.279126, This idiot saying "if you truly know baseball" reciting stats that don't matter is the height of idiocy. Maybe, loo‚Ä¶ https://t.co/1wcCrQbKOP 
drjeanslyons, Tue Jan 26 22:58:44 +0000 2021, -76.507809, 37.090301, Those republicans caused that. You ought to be ashamed. Acting crazy and upsetting him. I blame Republicans crooks.‚Ä¶ https://t.co/dHd29i9sB0 
jamaicaklove, Tue Jan 26 22:58:44 +0000 2021, -111.858398, 33.639340, https://t.co/ar66dnRNIZ 
kays_donna, Tue Jan 26 22:58:44 +0000 2021, -79.861034, 35.170499, @JackPosobiec Oh how nice that would be. 
DChristakos84, Tue Jan 26 22:58:44 +0000 2021, -77.859133, 39.279126, moron couldn't and define Curt Schilling's career. A career 3.24 FIP &amp; 79.8 WAR puts him firmly near top tier. He a‚Ä¶ https://t.co/XN1WJk8K8m 
mattbrode, Tue Jan 26 22:58:45 +0000 2021, -110.915573, 32.189391, Thanks. I was getting so nervous late last night. 
dsapata, Tue Jan 26 22:58:45 +0000 2021, -121.318722, 38.641305, @PittsburghTom Lol 
Coalie00, Tue Jan 26 22:58:45 +0000 2021, -77.604684, 41.117936, @Jamie_Burkart SOY! SOY! SOY! 
DChristakos84, Tue Jan 26 22:58:45 +0000 2021, -77.859133, 39.279126, these numbers during the height of the PED driven offensive explosion of the late 90s, early 00s. Now, he isn't leg‚Ä¶ https://t.co/2MjbWTGLSv 
CustomVisionz, Tue Jan 26 22:58:45 +0000 2021, -83.173867, 32.678207, @JosephA27015717 DM us! or link in bio to purchase ü§ôüèº 
isaacmarqueso, Tue Jan 26 22:58:45 +0000 2021, -88.821688, 33.456504, please keep jbj 
dinnylou, Tue Jan 26 22:58:45 +0000 2021, -82.551199, 27.275123, @chipfranklin Yes 
iembot_bgm, Tue Jan 26 22:58:45 +0000 2021, -74.970000, 41.820000, At 5:50 PM EST, 2 NE North Branch [Sullivan Co, NY] CO-OP OBSERVER reports HEAVY SNOW of 2.00 INCH https://t.co/sON8QmSiON 
storytellerjrnl, Tue Jan 26 22:58:45 +0000 2021, -96.731143, 43.541015, üòòü§© https://t.co/gOrYSQS6Wl 
DChristakos84, Tue Jan 26 22:58:45 +0000 2021, -77.859133, 39.279126, Mike Mussina. Mussina had a slightly more valuable career w/ 81.2 WAR, driven in part by playing his whole career i‚Ä¶ https://t.co/Da8UW4Q1ML 
_mayrraa, Tue Jan 26 22:58:45 +0000 2021, -117.220413, 33.809139, not the Bernie meme making it‚Äôs way to my LinkedIn feed 
keithlnagy, Tue Jan 26 22:58:45 +0000 2021, -77.014398, 38.898603, @zachfromtexas Zach not you RTing it skgfhjfjdhk 
DChristakos84, Tue Jan 26 22:58:45 +0000 2021, -77.859133, 39.279126, but was ultimately given entrance into the HOF. It's a fair argument to suggest Schilling was the better, or at lea‚Ä¶ https://t.co/p9j77r2KA1 
joeythreesix, Tue Jan 26 22:58:45 +0000 2021, -79.995359, 35.995054, Another one. I‚Äôve been green everyday my first week. https://t.co/sqOewu3nES 
CHHolte, Tue Jan 26 22:58:45 +0000 2021, -77.628242, 39.323107, @Brianrrs37 @KimMangone @GOPLeader I wrote a poem about Cancer while my wife was fighting AML in 2011. It was calle‚Ä¶ https://t.co/4eN9Q8xdsc 
DChristakos84, Tue Jan 26 22:58:45 +0000 2021, -77.859133, 39.279126, w/ less baggage, out of the HOF. I mentioned Joe Jackson, whose swing is rumored to have been copied by Babe Ruth.‚Ä¶ https://t.co/FexXOKJTpo 
kristen_shealy, Tue Jan 26 22:58:46 +0000 2021, -83.139281, 40.125273, It‚Äôs gotten to the point that everyone I know tags me in every golden retriever related thing they see on the inter‚Ä¶ https://t.co/5Rnir99GVQ 
DChristakos84, Tue Jan 26 22:58:46 +0000 2021, -77.859133, 39.279126, votes of black and brown voters. It's a bridge too far, even for a HOF voting populace that is older, whiter, and m‚Ä¶ https://t.co/9aOZuYBpJa 
tonypeavey, Tue Jan 26 22:58:46 +0000 2021, -76.794891, 39.368037, @rexty @Max1023FM @doctorfrick @DanielAkpata @max909fm @kingsley257 Happy you know that, to be honest we all need that 
JOEDOGAZ, Tue Jan 26 22:58:46 +0000 2021, -112.124676, 33.552863, @RanmanAZ 
NeverShoutBby_, Tue Jan 26 22:58:46 +0000 2021, -95.446486, 29.838495, My nephew just threw a rock at me 
KaylaMKing, Tue Jan 26 22:58:46 +0000 2021, -78.881800, 42.993664, FINDING A WAY TO SURVIVE: In which I discuss publication, donating to 826 National, &amp; more over @ the blog!!‚Ä¶ https://t.co/lCJhH8eHSg 
Flint_Stones, Tue Jan 26 22:58:46 +0000 2021, -86.791549, 36.200008, I work 7-4.. but my manager IM‚Äôs me twice a week at 4:10 telling me he‚Äôs got something coming my way in a few......‚Ä¶ https://t.co/hqGbpSr5vS 
trinloza, Tue Jan 26 22:58:46 +0000 2021, -99.750556, 32.415051, my biggest addiction rn? peach rings 
DR_Scullawl, Tue Jan 26 22:58:46 +0000 2021, -95.818827, 36.298144, https://t.co/3BTi1qIkxm 
DChristakos84, Tue Jan 26 22:58:46 +0000 2021, -77.859133, 39.279126, guy; he's an avowed racist who is openly hostile towards democracy. Being inducted into the HOF is an honor. And it‚Ä¶ https://t.co/GIUVoGIBVB 
cathyAnnSmith2, Tue Jan 26 22:58:46 +0000 2021, -83.173867, 32.678207, That's your only GD problem is he is a democrat. You have got to stop your madness these crazy insane people 5 peop‚Ä¶ https://t.co/wxiNX0VNLJ 
ErikGriffin, Tue Jan 26 22:58:46 +0000 2021, -118.411907, 34.020789, Complaining is my brand, if you don't like it, send all complaints my Way, you'll see, it feels goooood. #sorrynotsorry 
lilasstee, Tue Jan 26 22:58:46 +0000 2021, -84.470729, 33.861402, Y‚Äôall gotta stop making everything about colorism. Black ppl create the most problems amongst our own community. Th‚Ä¶ https://t.co/TvgyVvQYXJ 
DChristakos84, Tue Jan 26 22:58:46 +0000 2021, -77.859133, 39.279126, induction come (if it must) after he has passed on and let him die angry.WAR via Fangraphs. 
SDChocolateMama, Tue Jan 26 22:58:46 +0000 2021, -117.104989, 32.810012, released in 2000 but still relevant in 2021 You busy watching me, watching meThat your blind babyYou neglect to‚Ä¶ https://t.co/3qqSg6arlD 
JessieB1705, Tue Jan 26 22:58:46 +0000 2021, -105.550890, 38.997936, @DashingChrisBey That made me laugh harder than it should‚Äôve lol üòÇ https://t.co/LlBgPA7iWt 
DudesInterview, Tue Jan 26 22:58:46 +0000 2021, -75.800141, 45.248791, We are three 12 yr old Ottawa podcasters. We hear it‚Äôs @WayneGretzky birthday. We also hear he was pretty good. So‚Ä¶ https://t.co/dllfIXa5dT 
JerseyGarciaXXX, Tue Jan 26 22:58:46 +0000 2021, -87.732013, 41.833585, #TetaTuesday 
RandDRap, Tue Jan 26 22:58:46 +0000 2021, -80.067105, 37.288445, Spotify &amp; Amazon https://t.co/9KR1ZkiXcn YouTubehttps://t.co/b86SybdsN3SoundCloudhttps://t.co/SuZ12tu5Px(In‚Ä¶ https://t.co/gCFk4HkHSk 
Kmkurbs, Tue Jan 26 22:58:46 +0000 2021, -122.330800, 47.604600, Favorite photos #blackandwhitephotography #photography #photooftheday #kevinkurbsphotography #shadow #lighting attl‚Ä¶ https://t.co/1sacLXb5yL 
McFly25690314, Tue Jan 26 22:58:46 +0000 2021, -87.967292, 43.056722, #bape https://t.co/Rlg0C1aihd 
_t_o_f_e_, Tue Jan 26 22:58:46 +0000 2021, -80.244984, 36.087169, @selenophile_ak Lmfao that name is embarrassing 
Pretty_MexStar, Tue Jan 26 22:58:47 +0000 2021, -77.493170, 37.529883, you be heavy in my mind... can you get the heck out? 
SadittyNurse, Tue Jan 26 22:58:47 +0000 2021, -82.063185, 33.440717, Took 2 good ass naps üò© now it‚Äôs time for some self care üßñüèæ‚Äç‚ôÄÔ∏èüíÜüèº‚Äç‚ôÄÔ∏è 
FFougere, Tue Jan 26 22:58:47 +0000 2021, -111.547029, 39.499762, Nos images de drone tourn√©es lors des incendies en Oregon en septembre dernier reprises pour cl√¥turer le documentai‚Ä¶ https://t.co/XW4PF9amOp 
terpcentral, Tue Jan 26 22:58:47 +0000 2021, -76.492181, 39.023622, @SecretService C 
AnneWoo51226612, Tue Jan 26 22:58:47 +0000 2021, -74.158130, 40.859832, @teachaged Yes 
OriginalBran215, Tue Jan 26 22:58:47 +0000 2021, -75.117998, 40.004866, @DakotaFuqua77 @BET @chloexhalle @DownloaderBot 
4joytolife, Tue Jan 26 22:58:47 +0000 2021, -86.373145, 32.519779, It‚Äôs a new year, so how about a new tag? How about one that saves lives throughout Alabama! Find out how to get you‚Ä¶ https://t.co/38FdV1uY49 
iguacthis, Tue Jan 26 22:58:47 +0000 2021, -119.306608, 37.269176, @ohhjessiicca I prefer teriyaki chicken bowls üòâ 
Enrique59447536, Tue Jan 26 22:58:47 +0000 2021, -96.979674, 32.711832, Small walk around the park and stretch 
Canttellmenutn_, Tue Jan 26 22:58:47 +0000 2021, -71.378008, 41.877246, If you haven‚Äôt yet and you have some time to blow, take a listen to  #MyBrothaNMePodcast w/ @g0_dj and Myself  https://t.co/PSJLAmTQ9x 
davidsself, Tue Jan 26 22:58:47 +0000 2021, -122.205946, 47.773496, Do you follow or engage with your friends‚Äô brand accounts they run? 
nell3timezz, Tue Jan 26 22:58:47 +0000 2021, -81.705467, 41.495940, Damn was so bad bout dat girl naming Dey son kentrell ü§£ 
XavierCal_Store, Tue Jan 26 22:58:47 +0000 2021, -117.603783, 34.045158, As seen in the upcoming 2021 film ‚ÄúGodzilla vs Kong,‚Äù joins S.H. MonsterArts lineup! Pre-orders now open at:‚Ä¶ https://t.co/7mRt5gkatO 
DavidMarlow, Tue Jan 26 22:58:47 +0000 2021, -75.770041, 42.746617, What a pathetic, specious argument. Seems you‚Äôre more interested in appeasing your Qanon adherents than to honoring‚Ä¶ https://t.co/i0mRyXpWmT 
TreyMcJunkin, Tue Jan 26 22:58:48 +0000 2021, -99.317690, 38.881950, If you can‚Äôt do the simple tasks, why trust you with the complex ones??California in a nutshell lol #DoYourJob 
GrubenPamela, Tue Jan 26 22:58:48 +0000 2021, -116.941877, 32.818926, I followed him too.  It's twitter, not anything more. How were any of us to know his true identity? How many times‚Ä¶ https://t.co/GR0tHr6XJa 
reallydrryn, Tue Jan 26 22:58:48 +0000 2021, -95.824553, 29.783996, Niggas eating ass in 4K? Different 
mochabarbiie, Tue Jan 26 22:58:48 +0000 2021, -87.732013, 41.833585, I‚Äôve never had birria tacos before. 
ASTROTHUNDERXX, Tue Jan 26 22:58:48 +0000 2021, -95.446486, 29.838495, RIP Kobe and Gianna 
CoffinBuilder, Tue Jan 26 22:58:48 +0000 2021, -96.053431, 41.275721, No. Just. No. 
cxosmic, Tue Jan 26 22:58:48 +0000 2021, -76.620482, 39.284713, practicing my dribbling skills against my dog 
DaniellaMicaela, Tue Jan 26 22:58:48 +0000 2021, -77.014398, 38.898603, .@SenatorLeahy, who is supposed to preside over the second impeachment trial, is currently in the hospital because‚Ä¶ https://t.co/rZK1aV7p4R 
nslesin, Tue Jan 26 22:58:48 +0000 2021, -73.968542, 40.780709, @JaguarDFS You poor thing. I like the beard gone üòâ 
KailaWells11, Tue Jan 26 22:58:48 +0000 2021, -79.857363, 36.090397, the hate be realllll on us ü•∫ 
tmj_mad_transp, Tue Jan 26 22:58:48 +0000 2021, -89.068613, 42.460630, Don't be shy. Score a job like "Monitor" at First Student by asking for referrals. It's a great way to get a meetin‚Ä¶ https://t.co/5bckOzRbcQ 
Eathbound420, Tue Jan 26 22:58:48 +0000 2021, -115.223125, 36.232915, @Goss30Goss ü§£üçªüíÉ 
v_ronnie22, Tue Jan 26 22:58:48 +0000 2021, -76.295896, 36.763216, @Mandyhawk19 I get mine tomorrow! 
teezythegreat, Tue Jan 26 22:58:48 +0000 2021, -87.732013, 41.833585, lol 
sono23, Tue Jan 26 22:58:48 +0000 2021, -122.506779, 47.157103, @bing how do I save your current Bing wallpaper as my own? Cc: @YOCAT311 
miles_hackett, Tue Jan 26 22:58:48 +0000 2021, -79.272570, 43.629311, @Neeto_Makar Haha thanks Connor, I'm glad you thought so üòÇ 
tmj_ash_cstsrv, Tue Jan 26 22:58:49 +0000 2021, -82.798183, 36.176902, Can you recommend anyone for this #CustomerService job in #Greeneville, TN? Click the link in our bio to see it and‚Ä¶ https://t.co/kmJ1bW8n71 
JacobKisting, Tue Jan 26 22:58:49 +0000 2021, -89.541024, 42.989435, Love you bro!! 
ThaAudioUnit, Tue Jan 26 22:58:49 +0000 2021, -82.999600, 39.962400, Just posted a photo @ Columbus, Ohio https://t.co/HcyXyt5B1h 
AnneWoo51226612, Tue Jan 26 22:58:49 +0000 2021, -74.173433, 40.848616, @thomaskaine5 Yes, back to immigration, Trump needs a break, he did well Seriously Trump Raised Deficit is Trillion‚Ä¶ https://t.co/962FptSzEk 
nerdgodlenox, Tue Jan 26 22:58:49 +0000 2021, -83.996909, 33.854514, The Best Conversation You Could Hope To Have With Me Will Be In Third Person. #WordOfMouF 
learnsociology, Tue Jan 26 22:58:49 +0000 2021, -86.142212, 40.472726, @mtloveland I lived in the country. The only way I could get the super obscure one-hit wonders and the occasionally‚Ä¶ https://t.co/G8dmtdI7k1 
NHStercus, Tue Jan 26 22:58:50 +0000 2021, -71.521653, 42.850938, @KellyannePolls So now you‚Äôre sharing nude pics of your under age daughter? Why are you not in jail for trafficking child porn? 
jeeeeeeen97, Tue Jan 26 22:58:50 +0000 2021, -119.306608, 37.269176, I kinda want a Tesla but purchasing a new car isn‚Äôt necessary 
Remarsh76, Tue Jan 26 22:58:50 +0000 2021, -79.420865, 38.003376, @Lyricalswordz Seriously? 
kirksanderson_3, Tue Jan 26 22:58:50 +0000 2021, -118.411907, 34.020789, @elleinthesun I see the Ryan Garcia @MannyPacquiao fight going the same way as the Bernard Hopkins vs Kelly Pavlik‚Ä¶ https://t.co/KrJuAlb7lV 
starseedddd, Tue Jan 26 22:58:50 +0000 2021, -84.532133, 33.948124, F the self reflective limitations others deflect , it only shows their fear ;never yours love . 
SavannaKandiko, Tue Jan 26 22:58:50 +0000 2021, -69.870336, 44.796098, I‚Äôm pretty sure my body hates me and I don‚Äôt know how to fix this relationship. üëéüôÑü§∑üèº‚Äç‚ôÄÔ∏è 
gmeda72, Tue Jan 26 22:58:50 +0000 2021, -117.947887, 33.924881, @RichardGmoney @Cernovich https://t.co/cObEUuGMbs 
Bopst, Tue Jan 26 22:58:50 +0000 2021, -77.493170, 37.529883, Cooking dinner soundtrack https://t.co/qorTTtGljt 
nolimitzb, Tue Jan 26 22:58:50 +0000 2021, -118.156711, 33.809172, @fvmousvino Then the run game 
SlimSnappedYa, Tue Jan 26 22:58:50 +0000 2021, -111.931711, 34.168253, @powersimagery @shawn_hubbard @AndyBaoPhoto @rkangphoto Ugh you aren't helping my decision. It'll be a minute befor‚Ä¶ https://t.co/oTzKffxLzk 
random_places, Tue Jan 26 22:58:50 +0000 2021, -89.647372, 35.053102, #37197Collierville, TN, USAmap: https://t.co/2DAdSRGsc2 https://t.co/fdvyYVDNTq 
Magoo7635, Tue Jan 26 22:58:50 +0000 2021, -98.540651, 29.417501, @DMyFlorida @Rasmussen_Poll Yeah,the doing nothings!  If things don't chg you get the same results.   SMH 
ConnGangis, Tue Jan 26 22:58:50 +0000 2021, -79.861034, 35.170499, @RowenaDances https://t.co/5LlEk7EJfv 
edie_rische, Tue Jan 26 22:58:50 +0000 2021, -101.897173, 33.570526, @GinaPustor123 @CostinaJ @AthanasiaTrian1 @PustorinoGina @ritacristinadea @patrici30730227 @DJZJCZ @sasseyjudy‚Ä¶ https://t.co/QaaAESjbPN 
DadddyMarlon, Tue Jan 26 22:58:50 +0000 2021, -100.076888, 31.168893, Watched the whole Winx saga under my 8 hour shift today lol 
ariee_nikayla, Tue Jan 26 22:58:50 +0000 2021, -84.266174, 30.476216, It‚Äôs TMobile Tuesdays ... let me go get this 15 cents off gas. 
EddyGilley, Tue Jan 26 22:58:51 +0000 2021, -86.611411, 34.706027, @tedcogs @genesimmons I've never caught her misrepresenting truth. She speaks with facts.Semper Fi 
siairradonn, Tue Jan 26 22:58:51 +0000 2021, -101.897173, 33.570526, Same. 
abooker678, Tue Jan 26 22:58:51 +0000 2021, -83.804475, 27.698682, Got you lightening up like lightningüí´ 
eshubs, Tue Jan 26 22:58:51 +0000 2021, -74.718345, 40.566761, We lost 12% of Eric üôÅ 
RachelHale___, Tue Jan 26 22:58:51 +0000 2021, -100.076888, 31.168893, Can y‚Äôall take a minute and be proud of me ü•∫ I‚Äôve worked so hard for this https://t.co/BJDl788p0N 
ChrisMarnell3, Tue Jan 26 22:58:51 +0000 2021, -68.984705, 45.188407, Snow moving in very early.  Sticking with my 3 to 6 by tomorrow night.  Wow!! Way north or over performing. https://t.co/fjSgNKSAbM 
optsite03, Tue Jan 26 22:58:51 +0000 2021, -79.420865, 38.003376, @WHSVaubs Thank you. 
davidsunlee, Tue Jan 26 22:58:51 +0000 2021, -79.272570, 43.629311, So how come beer twitter isn't talking about $GME? üòÇ 
WinSpinCIC, Tue Jan 26 22:58:51 +0000 2021, -77.483288, 38.298065, @AlexJamesFitz It‚Äôs just horrific.I‚Äôve registered 11 people including myself,but at 73 I‚Äôm tech savvy. If politicia‚Ä¶ https://t.co/YO7N0tmJHf 
AltamiranoB9, Tue Jan 26 22:58:51 +0000 2021, -100.076888, 31.168893, @GaryEnriquez2 They‚Äôre lucky to have you 
tonidecali, Tue Jan 26 22:58:51 +0000 2021, -97.754724, 30.323346, @David_Mahfood https://t.co/v7p5hAoDkg 
PsykeXo, Tue Jan 26 22:58:52 +0000 2021, -76.324382, 39.503100, @ItzJoshMyrie me 
DanCoxPhD, Tue Jan 26 22:58:52 +0000 2021, -96.397150, 42.473947, @Audrey_M_Roth Africa! 
DFlex2123, Tue Jan 26 22:58:52 +0000 2021, -74.153947, 40.572376, Regarding today a year ago, I remember being shocked. We went for a ride with our friend to the harbor. It was cold‚Ä¶ https://t.co/7pjpTMJAhY 
Leem2HK, Tue Jan 26 22:58:52 +0000 2021, -83.173867, 32.678207, In tears!! 
coreybehnke, Tue Jan 26 22:58:52 +0000 2021, -88.008198, 44.523173, @DrewandKB @AaronNagler @TheGameMKE @DrewOlsonMKE You know it 
BongSpock, Tue Jan 26 22:58:52 +0000 2021, -86.791549, 36.200008, Made a country fried steak for dinner https://t.co/WDqUBcTlen 
Nicolleleon, Tue Jan 26 22:58:52 +0000 2021, -107.342056, 24.662488, Ma√±ana tengo cita que nervios y emoci√≥n ü§© 
CarlitosDiaz07, Tue Jan 26 22:58:52 +0000 2021, -110.934671, 31.376269, La muerte de Kobe Bryant nunca se supera üòî 
loagin_matthew, Tue Jan 26 22:58:52 +0000 2021, -86.145320, 39.583039, https://t.co/FkgVTk1NKq 
plannermyron11, Tue Jan 26 22:58:52 +0000 2021, -111.858398, 33.639340, @acaseofthegolf1 Here‚Äôs a question...I know @Jareddutoit isn‚Äôt in the field for the @WMPhoenixOpen qualifier on Mon‚Ä¶ https://t.co/Kob4WjJoAW 
This_is_ellie__, Tue Jan 26 22:58:52 +0000 2021, -82.584561, 28.340511, Surprised my dad with the new @DarbyAllin action figure since he‚Äôs his  favorite wrestler, safe to say he was happy‚Ä¶ https://t.co/OwAJrYxPI4 
newsgirl_, Tue Jan 26 22:58:52 +0000 2021, -95.446486, 29.838495, @AddisonGreenWX üòÇ I have three missed ones but the silence is BLISS 
ASHmuthafknLEY, Tue Jan 26 22:58:52 +0000 2021, -98.540651, 29.417501, @mcatarinaa I know I just want to scream lol https://t.co/IwDiE7dWdW 
WesleighOgle, Tue Jan 26 22:58:52 +0000 2021, -122.630908, 45.536402, UPDATE: The victim who died in Monday‚Äôs hit &amp; run through SE Portland is a grandmother, cancer survivor &amp; long-term‚Ä¶ https://t.co/UBWcxlwYyg 
MarquisDMann, Tue Jan 26 22:58:53 +0000 2021, -80.233328, 25.782353, Boy really saved himself by not going to UGA 
chub_B_W, Tue Jan 26 22:58:53 +0000 2021, -84.470729, 33.861402, @vcamillexo https://t.co/5Qu68rW4t8 
KathrynStarkey2, Tue Jan 26 22:58:53 +0000 2021, -95.253327, 31.965799, https://t.co/n75KoUvo2Y 
Geeeeezuz, Tue Jan 26 22:58:53 +0000 2021, -97.754724, 30.323346, My roommate keeps putting her pizza boxes in our recycling bin even though I‚Äôve told her that pizza boxes aren‚Äôt re‚Ä¶ https://t.co/f3kvfdgF0u 
christinalena, Tue Jan 26 22:58:53 +0000 2021, -95.446486, 29.838495, Live in 5 in #RDO! See ya there, unicorns! https://t.co/O9dNCW5VMY https://t.co/E1bXvHiOSb 
AudreyFenstama6, Tue Jan 26 22:58:53 +0000 2021, -77.430757, 41.120753, üôã‚Äç‚ôÄÔ∏è 
PayaNashale, Tue Jan 26 22:58:53 +0000 2021, -123.123581, 49.257639, Landmine Squats again this morning for Leg day.#legday #workout #musclemorph #musclegrowth #bodybuilding‚Ä¶ https://t.co/G01pFshfqP 
OldhamCandy, Tue Jan 26 22:58:53 +0000 2021, -100.076888, 31.168893, @TheView @MeghanMcCain Don‚Äôt worry about it Megan people are going to hate especially Democrats. They‚Äôve been doing‚Ä¶ https://t.co/CEcTL7NGl1 
finance_rich, Tue Jan 26 22:58:54 +0000 2021, -100.076888, 31.168893, Sounds pretty underpaid to me 
ShaggyBlack, Tue Jan 26 22:58:54 +0000 2021, -97.754724, 30.323346, @DanTheFlyeraFan Ima save this 
queenbry_, Tue Jan 26 22:58:54 +0000 2021, -77.066170, 39.058980, my MOOD 
realMcFlappy, Tue Jan 26 22:58:54 +0000 2021, -73.743119, 43.142682, Absolutely not the exchange of intimacy is been a one-way Street at my expense.That would really could have taken‚Ä¶ https://t.co/EcA4nNfDtA 
GilbertoM_26, Tue Jan 26 22:58:54 +0000 2021, -98.319925, 38.498196, On top like I‚Äôm scared of the drop 
_LindaLarsen, Tue Jan 26 22:58:54 +0000 2021, -78.657837, 35.843981, Is there any higher praise than that of a customer? Kevin in North Myrtle. I applaud you sir! https://t.co/dLwrnoIxqN 
TOONdids, Tue Jan 26 22:58:54 +0000 2021, -79.272570, 43.629311, @itmeolliev @sens_fan11 @rotten2thecorgi @mbroderick87 @hailey_salvian @EKANardini What?!? 
allohhhh, Tue Jan 26 22:58:54 +0000 2021, -95.446486, 29.838495, ü§çüò≠ 
_KUMARIO7, Tue Jan 26 22:58:54 +0000 2021, -80.926628, 33.631140, @dusserita I forgot about Amber definitely Amber lmao 
Old_N_Gold, Tue Jan 26 22:58:54 +0000 2021, -123.364500, 48.428700, Just posted a video @ Victoria, British Columbia https://t.co/53k4k3Z95W 
brian_mcnally_, Tue Jan 26 22:58:55 +0000 2021, -71.276501, 42.891236, Well said! 
YulREspinosa, Tue Jan 26 22:58:55 +0000 2021, -110.915573, 32.189391, Zendaya Teases 'Running From Aliens' in Spider-Man 3 https://t.co/BbMSUYIZ6P 
eswillow72, Tue Jan 26 22:58:55 +0000 2021, -87.982156, 41.967728, @MarkRubes @lstanczyksports https://t.co/rQZVFlInPF 
Ibancallmemyron, Tue Jan 26 22:58:55 +0000 2021, -111.498181, 28.969863, Por favor ay√∫denme a no matarme esta vez y lo digo enserio 
haileyworthey, Tue Jan 26 22:58:55 +0000 2021, -100.076888, 31.168893, Even though I wish I could physically put on a filter every day before I leave the house but that‚Äôs impossible. 
SWShelbySpartan, Tue Jan 26 22:58:55 +0000 2021, -86.441236, 39.766555, The 7th grade girls have had some good opportunities,  but trail at the half to Triton Central. 
theDamiDami, Tue Jan 26 22:58:55 +0000 2021, -98.540651, 29.417501, @PeytonSawwyerr https://t.co/gP4shAastV 
francvs, Tue Jan 26 22:58:55 +0000 2021, -77.014398, 38.898603, @tomselliott @threadreaderapp Please unroll. 
BosWrldSolomon, Tue Jan 26 22:58:55 +0000 2021, -89.069133, 30.426027, Bra They Said This Man Knees ü§£ü§£ü§£üòÇüòÇüòÇ His Knees 
MichelChaires, Tue Jan 26 22:58:56 +0000 2021, -118.131964, 34.177310, Republican senators have an oath to the constitution NOT Trump. TRAITORS#ImpeachAndConvict 
lawaikapohaku, Tue Jan 26 22:58:56 +0000 2021, -158.005818, 21.428026, Does anyone know if UH helps with buying canon cameras? Or if canon/Nikon work with universities and gives deals if you have a uni email? 
MR_Spring10, Tue Jan 26 22:58:56 +0000 2021, -75.483936, 40.591825, Sounds like me when I drink ... God if you make this room stop spinning I‚Äôll never drink again üòÇüòè 
jensmith7, Tue Jan 26 22:58:56 +0000 2021, -104.922093, 39.713563, @GreenAaker @KimberlyLStern Awwwwwww @GreenAaker ü•∞ 
Virgini81820714, Tue Jan 26 22:58:56 +0000 2021, -117.851089, 33.842863, @BetteMidler Yup. 
DCosta53, Tue Jan 26 22:58:56 +0000 2021, -77.236969, 38.805115, @RubinReport Communist! 
shaaarlette, Tue Jan 26 22:58:56 +0000 2021, -121.407179, 36.845567, People are fucking weird 
mitzi4vols, Tue Jan 26 22:58:56 +0000 2021, -85.978600, 35.830522, @volbandit2 @tennvolfan98 üòÇü§£üòÇ https://t.co/9R1TE0VwaL 
asaweeks_, Tue Jan 26 22:58:56 +0000 2021, -77.418002, 39.432037, it‚Äôs a whole discord goin hard on these stocks rn, this GameStop move wild 
adamcore, Tue Jan 26 22:58:56 +0000 2021, -95.834958, 41.247487, Hey! Fellow #CollectorsHelpingCollectors  #chc If any of you are out and about and you see marvel legends clearanc‚Ä¶ https://t.co/2gqSnZMAz6 
weeklywheelnews, Tue Jan 26 22:58:56 +0000 2021, -122.197305, 47.092632, @ryanthemaddev @RealMatCauthon @ChildBornhald @DefaultRand How on-brand... love it. 
ramireztrucking, Tue Jan 26 22:58:56 +0000 2021, -118.156711, 33.809172, @thelastlulu Thank you 
barefootgbs, Tue Jan 26 22:58:56 +0000 2021, -84.296906, 33.772208, Affirmation of the principle of exponential growth by esteemed @EmoryGoizueta Professor Patrick Noonan aka‚Ä¶ https://t.co/SsAGB0mTgG 
dunkin_nonuts, Tue Jan 26 22:58:56 +0000 2021, -119.306608, 37.269176, this is people cosplaying hetalia all over again 
9_Honcho_00, Tue Jan 26 22:58:56 +0000 2021, -76.450215, 40.335158, Deep down I just want a bottle of casamigos 
ginandtrauma, Tue Jan 26 22:58:56 +0000 2021, -118.411907, 34.020789, @chemicollins NOOOO not Mariah Scarey!!!! https://t.co/TCn2xmcWIg 
itsveinadarling, Tue Jan 26 22:58:57 +0000 2021, -71.248902, 42.146170, MY FUCKING MANAGER QUIT AFTER A WEEK OF WORKING HERE ARE YOU KIDDING üòÇüòÇüòÇ damn well if y‚Äôall want to train me on bei‚Ä¶ https://t.co/AaxOt5PJkD 
JheyHorrana, Tue Jan 26 22:58:57 +0000 2021, -84.416916, 42.759558, Mood do dia https://t.co/SITOt8W8Z0 
itsveinadarling, Tue Jan 26 22:58:57 +0000 2021, -71.248902, 42.146170, Plus that would show that other front desk girl that def hates me and is fake af like literally 
dopenessjenn, Tue Jan 26 22:58:57 +0000 2021, -97.139765, 34.174574, call me crazy but I turned down a job that pays $12 a(n) hour MONEY AIN'T EVERYTHING I'm telling you ü§∑üèø‚Äç‚ôÇÔ∏è 
Slimebagskud, Tue Jan 26 22:58:57 +0000 2021, -71.213683, 42.325392, fuck yes I got Red XIII in my party my day is saved and my serotonin has returned 
DarrylCurtis_33, Tue Jan 26 22:58:57 +0000 2021, -115.223125, 36.232915, @Kayy_thebaee Man fr 
Rockybob12, Tue Jan 26 22:58:57 +0000 2021, -77.572455, 43.211767, @LaurieDefender Hello beautiful Laurie! 
thebeardedluke, Tue Jan 26 22:58:58 +0000 2021, -83.067729, 39.849473, @vMaddoxx_ Just have @DeeCeeLIVE permanently hold it for you 
mollsgall, Tue Jan 26 22:58:58 +0000 2021, -111.917026, 40.765805, idc what you say, borderline is a masterpiece @tameimpala 
ronakmody2, Tue Jan 26 22:58:58 +0000 2021, -84.612392, 34.011077, @Be_lVloore What‚Äôs it called? 
paulina_ortizz, Tue Jan 26 22:58:58 +0000 2021, -100.270474, 25.736715, Tostadas en salsa viendo pamelachu con mi prima‚ù§Ô∏è 
Shannonrachelll, Tue Jan 26 22:58:58 +0000 2021, -98.319925, 38.498196, @aubxreyy Lmaoooo I didn‚Äôt realize that was you üòÇ 
yitzlandes, Tue Jan 26 22:58:58 +0000 2021, -73.968542, 40.780709, Why does staying home all day basically doing nothing make me want to eat ALL OF THE PASTA 
mandingoguccii, Tue Jan 26 22:58:58 +0000 2021, -84.433106, 33.767195, Dick hard at work üò§üò© 
ageorgin, Tue Jan 26 22:58:58 +0000 2021, -84.284682, 39.313395, @markharr13 Dude! 
Kenjievon_, Tue Jan 26 22:58:58 +0000 2021, -80.476404, 43.430240, Fuck everybody Stack your bread! 
TropicalCarlson, Tue Jan 26 22:58:58 +0000 2021, -79.857363, 36.090397, @ISportscards @CardPurchaser I will ty 
themanifestmami, Tue Jan 26 22:58:58 +0000 2021, -79.272570, 43.629311, Fun Fact: You can‚Äôt make anyone fall in love with you but can make everyone one wish they took you seriously by fal‚Ä¶ https://t.co/Qx1ijicZnp 
InvestingChef, Tue Jan 26 22:58:58 +0000 2021, -77.014398, 38.898603, Melvins returns this year will still be better than 90% of the guys long $gme because if you don‚Äôt know who the sucker at the table is.... 
Pretty_MexStar, Tue Jan 26 22:58:58 +0000 2021, -77.493170, 37.529883, i been on my empty mind shit 
jillianne_lee, Tue Jan 26 22:58:58 +0000 2021, -81.351150, 41.311988, @briherigan atlas (left) &amp; booker (right). üòç https://t.co/riWb5n9VYD 
tmj_kyl_eng, Tue Jan 26 22:58:59 +0000 2021, -84.503716, 38.040584, Interested in a job in Lexington, KY? This could be a great fit. Click the link in our bio to apply: Wireless Engin‚Ä¶ https://t.co/n7JSfD59pw 
MikeSington, Tue Jan 26 22:58:59 +0000 2021, -118.411907, 34.020789, @Nyggmatic You‚Äôre correct. She‚Äôs claiming she‚Äôs joining Fox. It appears they‚Äôve rescinded the offer since the Capit‚Ä¶ https://t.co/w9hcFv44Ta 
tajeslay, Tue Jan 26 22:58:59 +0000 2021, -83.173867, 32.678207, yoooo im tryna take him to Burlington throat factory üòÇüòÇüòÇ 
MichaelDChing, Tue Jan 26 22:58:59 +0000 2021, -157.799589, 21.319944, Action Blocked on Insta .. even though I closed the app I still find myself opening it right back up .. is it so ba‚Ä¶ https://t.co/VDf8gH5CY1 
chinowitnobrim, Tue Jan 26 22:58:59 +0000 2021, -117.824049, 33.810159, U geigh 
OnceUponARoss, Tue Jan 26 22:58:59 +0000 2021, -71.421832, 41.817084, @rachelbradycole https://t.co/6E90AYPfsj 
AuerSixty, Tue Jan 26 22:58:59 +0000 2021, -85.599065, 44.759557, @RonSarkar Deep, slow breaths. Do you have  CALM on your phone? If he ass lay on the floor or the couch while you‚Äôr‚Ä¶ https://t.co/7EpMAaJYl5 
KevKerrr, Tue Jan 26 22:58:59 +0000 2021, -76.953930, 39.402420, 6 dogs üòî 
cwilli72691, Tue Jan 26 22:58:59 +0000 2021, -118.411907, 34.020789, @akhan1437 Me either 
iappreci8urbutt, Tue Jan 26 22:58:59 +0000 2021, -82.763400, 27.762652, Gotta be prepared, you know? https://t.co/Urgor5iXHd 
RealNMarkova, Tue Jan 26 22:59:00 +0000 2021, -82.772830, 27.904263, @BryanTannAuthor Try to have kind of like a story inside the promo, one main idea, plus go up and down in your emot‚Ä¶ https://t.co/P0puuVduxc 
thompulliam, Tue Jan 26 22:59:00 +0000 2021, -118.369645, 34.087010, Embracing the theory of ‚Äúdoughnut economics‚Äù bc 20th century economic thinking is not equipped to deal with the 21s‚Ä¶ https://t.co/x0qIsL3d9X 
THELIFEOFPERRI, Tue Jan 26 22:59:00 +0000 2021, -119.306608, 37.269176, https://t.co/BokWs00QhP 
tmj_CIN_skltrd, Tue Jan 26 22:59:00 +0000 2021, -84.615939, 38.850115, Nervous to apply for a job like "YARD JOCKEY- WALTON, KY" at Dollar General? Apply even if you're not a 100% match.‚Ä¶ https://t.co/hVduFylzL2 
kimby2929, Tue Jan 26 22:59:00 +0000 2021, -90.111975, 38.743167, Him and Clemons and Bonds and McGuire should all go in 
Jslym, Tue Jan 26 22:59:00 +0000 2021, -96.761753, 32.819858, https://t.co/cDExiKtt1X 
kathygilbert7, Tue Jan 26 22:59:00 +0000 2021, -117.874032, 33.617638, Tuesday Prayer: The Global ChurchPlease join us tonight LIVE at 7pm as we pray for missionaries, mission ministri‚Ä¶ https://t.co/BrMDGlZX8d 
tonkasmom, Tue Jan 26 22:59:00 +0000 2021, -105.550890, 38.997936, @maggieNYT I thought the same thing. Ôøº 
KweenNeese, Tue Jan 26 22:59:00 +0000 2021, -95.446486, 29.838495, I enjoy my dick as it comes. Ion be on that extra shit AT ALL ANYMORE! Be silent , and boss up on that nigga if you‚Ä¶ https://t.co/IWfzg00Xxn 
AnnaDsays, Tue Jan 26 22:59:00 +0000 2021, -97.754724, 30.323346, That would require me to feel shame. Ha! 
Ibancallmemyron, Tue Jan 26 22:59:01 +0000 2021, -111.498181, 28.969863, ay√∫denme 
kaylakoutuure, Tue Jan 26 22:59:01 +0000 2021, -102.344087, 31.873838, ‚ú®‚ú®‚ú®üòç 
BahamaPapa_, Tue Jan 26 22:59:01 +0000 2021, -76.593943, 24.074967, @TheDreadEmpress @7thletterja We also have to call out the companies that take the metal from the thieves. Just as‚Ä¶ https://t.co/So752AgVda 
dtgoulet, Tue Jan 26 22:59:01 +0000 2021, -77.960181, 35.382522, Ummm its not partisan. It just means 45 Republicans are more worried about reelection and afraid of trump, than the‚Ä¶ https://t.co/aHAW5qiOvE 
deannacortes, Tue Jan 26 22:59:01 +0000 2021, -96.672767, 33.112317, Y‚Äôall are a MESSüò≠ 
mymothrsdaughtr, Tue Jan 26 22:59:01 +0000 2021, -110.044783, 46.679800, Uhmmm what‚Äôs a chippendale?    ; ) 
plotner_mike, Tue Jan 26 22:59:01 +0000 2021, -82.669467, 40.365160, @KetchesonDale @DebbyD62691  would enjoy that 
CASA_BR, Tue Jan 26 22:59:01 +0000 2021, -91.090800, 30.459100, Children paired with a CASA volunteer are more likely to find permanency and less likely to re-enter the foster car‚Ä¶ https://t.co/YSZpe8qQXo 
biggdelicious23, Tue Jan 26 22:59:01 +0000 2021, -79.980689, 40.431389, In 2023 it‚Äôs gone be all our Jordan year 
MostChose, Tue Jan 26 22:59:02 +0000 2021, -86.680738, 32.576227, Wild 
jarradkgeorge, Tue Jan 26 22:59:02 +0000 2021, -97.753840, 31.079307, Dear diary, this morning I said something out of frustration and probably preemptive, but now that I‚Äôve had all day‚Ä¶ https://t.co/IzVXc0nWuP 
klimtocrat, Tue Jan 26 22:59:02 +0000 2021, -73.754618, 42.307629, @redsteeze Now do one about how you care about the national debt again. 
Candismarie03, Tue Jan 26 22:59:02 +0000 2021, -116.494030, 43.593610, Just posted a photo @ IQEW Holistic Wellness https://t.co/wAW2WQtoja 
jaywchan, Tue Jan 26 22:59:02 +0000 2021, -77.425155, 38.878708, I was today years old when I found out vibes was short for vibrations. 
ShibaMoxie, Tue Jan 26 22:59:01 +0000 2021, -104.922093, 39.713563, I love playing in my new (snowy) yard... #shiba #shibainu #dogs #dogsoftwitter #playing #Colorado #snow #Denver‚Ä¶ https://t.co/wROxIqXQUq 
adubyouknow, Tue Jan 26 22:59:02 +0000 2021, -95.446486, 29.838495, I love that the richest person in the world has a deep understanding of both rocket science and meme stonks 
pdxpolicelog, Tue Jan 26 22:59:02 +0000 2021, -122.535483, 45.528053, DISTURBANCE - PRIORITY at 12400 NE GLISAN ST, PORT [Portland Police #PP21000023816] 14:52 #pdx911 
FarrisFlagg, Tue Jan 26 22:59:02 +0000 2021, -117.220413, 33.809139, @MikeSington Getting things done! #PresidentJoeBiden #MadamVicePresidentKamalaHarris https://t.co/qk4mtjLEzv 
fraueibl, Tue Jan 26 22:59:02 +0000 2021, -79.943748, 43.523123, @tamaracherry @NEWSTALK1010 Ugh!  I feel your pain! 
iDefTexasT, Tue Jan 26 22:59:02 +0000 2021, -84.563414, 33.811316, For those who serious go here to get started: https://t.co/CEiL96QraV 
drewtappon, Tue Jan 26 22:59:02 +0000 2021, -118.325145, 34.182160, It is perfect. Don‚Äôt ever question that. ‚ù§Ô∏è‚ù§Ô∏è‚ù§Ô∏è‚ù§Ô∏è @495Prods @sallyannsalsano @FloribamaShore #mtvfloribamashore 
K1Fang, Tue Jan 26 22:59:02 +0000 2021, -122.343179, 47.755871, @Pika_hoe yeth, but it‚Äôs not the same 
Wildfang135, Tue Jan 26 22:59:02 +0000 2021, -74.153947, 40.572376, It's criminal. 
KeepnUpWmeek, Tue Jan 26 22:59:02 +0000 2021, -73.948775, 40.655138, Love to be loved on after a long day üíï üíõ üíì ‚ù§ üíñ üíó üíï üíõ üíì ‚ù§ üíñ üíó üíï 
gsneakerson24, Tue Jan 26 22:59:03 +0000 2021, -75.770041, 42.746617, @Reshoevn8r @TylerDalzell Gamma 
DCSportsDork, Tue Jan 26 22:59:03 +0000 2021, -77.409155, 38.952179, Ooooooooooooooh boy..... 
RalphTurchiano, Tue Jan 26 22:59:03 +0000 2021, -120.199000, 34.501800, Just posted a photo @ Gaviota Peak https://t.co/41YX2MAc3H 
FPCFLAGFB, Tue Jan 26 22:59:03 +0000 2021, -80.339061, 27.469325, We are interested in adding 2 more games to our schedule. Willing to come to you as long as you‚Äôre within the area‚Ä¶ https://t.co/HwMMNpZFjQ 
MichaelHeimlich, Tue Jan 26 22:59:03 +0000 2021, -87.845248, 42.125755, Snow-snowfall-snowy, trees-bare tree branches outline, Chicago winter-wintry weather January 26 2021 Northbrook Ill‚Ä¶ https://t.co/MdNLnp40nQ 
Heyy__Courtneyy, Tue Jan 26 22:59:03 +0000 2021, -97.285913, 32.779967, Gotta get these 
Jedi_Jill, Tue Jan 26 22:59:03 +0000 2021, -78.853563, 42.896230, @TracySt12806688 @MarkRuffalo Nah, I have no talent. I merely edited screen caps that I had taken. üôÇ 
PersisterCrone, Tue Jan 26 22:59:03 +0000 2021, -78.895441, 35.990983, I'm not surprised... grateful for the new administration. 
patriciabellomo, Tue Jan 26 22:59:03 +0000 2021, -82.914576, 42.584895, @marklutchman Congratulations. 
BANKSdontSHADE, Tue Jan 26 22:59:03 +0000 2021, -100.076888, 31.168893, Confusion 
__veranderen__, Tue Jan 26 22:59:04 +0000 2021, -82.511786, 28.059103, De qu√© vale comunicarnos si no nos entendemos, dos sordos habl√°ndose. 
abecapriles, Tue Jan 26 22:59:04 +0000 2021, -95.446486, 29.838495, @1Freya7795 En la pel√≠cula hab√≠a una como tu, creo que al final dijo WTF ...Otra desde que lleg√≥ se empat√≥, eso f‚Ä¶ https://t.co/ZarRaL9vs8 
Boricualea_, Tue Jan 26 22:59:04 +0000 2021, -112.124676, 33.552863, Feeling ‚Äúnot so confident‚Äù today ü•¥ 
JamesIsaak2, Tue Jan 26 22:59:04 +0000 2021, -83.269058, 42.664684, @owillis *I'm built to hunt badgers, MF!* 
HLeveraged, Tue Jan 26 22:59:04 +0000 2021, -80.593770, 28.143459, @DonaldJTrumpJr play stupid games, win stupid prizes 
Lambert64431985, Tue Jan 26 22:59:04 +0000 2021, -117.022695, 38.502147, #QCongress  #QCongress  #QCongress  #QCongress.  please RT #QCongress  #QCongress  #QCongress  #QCongress.  please‚Ä¶ https://t.co/jUamwDpkHh 
Shara7, Tue Jan 26 22:59:04 +0000 2021, -93.054670, 44.946783, Just posted a photo @ Indian Mounds Regional Park https://t.co/5lMW2vOcak 
_mayrraa, Tue Jan 26 22:59:04 +0000 2021, -117.220413, 33.809139, not the Bernie meme making its way to LinkedIn 
Just_JayyTee, Tue Jan 26 22:59:04 +0000 2021, -83.173867, 32.678207, They pick &amp; choose those differences they accept. Aint nobody as progressive as they claim to be. Shit be üß¢ af 
hotchman, Tue Jan 26 22:59:05 +0000 2021, -112.124676, 33.552863, @danfetes Show the angle where Feliciano punched Jones in the rib first or shut up and take the L. 
coachduty, Tue Jan 26 22:59:05 +0000 2021, -98.317683, 26.208802, @TBlazer5AS1 @Karlos_Carrasco 
BLonberger, Tue Jan 26 22:59:05 +0000 2021, -86.142922, 39.779562, @coltsfanlisaj Thinking good thoughts for you and your entire family... so sorry for your loss. 
LittieBoyz, Tue Jan 26 22:59:05 +0000 2021, -84.539813, 39.137038, In the office bussin a nut to my own shit.. #LittieBoyz https://t.co/vI50vTEdjK 
PKMNTraderShawn, Tue Jan 26 22:59:05 +0000 2021, -73.687100, 42.727940, Man oh man what I would give to be able to drop my iPhone and switch to galaxy#GalaxyS21 5G. #TMobileTuesdays‚Ä¶ https://t.co/n7HHXnNg0K 
KristynBrophy, Tue Jan 26 22:59:05 +0000 2021, -71.110820, 42.424952, Best. Day. Ever. üòçüòçüòç 
BIGDTHEVILLIAN, Tue Jan 26 22:59:05 +0000 2021, -74.724323, 40.073041, @realpabgames Just deleted it thank you! 
Canuce, Tue Jan 26 22:59:05 +0000 2021, -90.309235, 29.965083, @johnwelshtrades It‚Äôs AMC 
serge_fils, Tue Jan 26 22:59:05 +0000 2021, -84.433106, 33.767195, Mario, shot by me üì∏ https://t.co/tcmG38dYUR 
teloahpet, Tue Jan 26 22:59:06 +0000 2021, -80.178392, 26.039680, and don‚Äôt y‚Äôall fucking DARE TRY AND HOP THE BANDWAGON SAYING YOU BEEN FW 6 
FremontCanyonOC, Tue Jan 26 22:59:06 +0000 2021, -117.708361, 33.811139, At 14:51, the Fremont Canyon Weather Station reports sustained winds of 12 MPH (from the SW) with gusts to 21 MPH. RH:33% Temp: 51.0 
AdamNBrumer, Tue Jan 26 22:59:06 +0000 2021, -75.117998, 40.004866, There are very few moments in life where within a single day circumstances change so transformationally. I‚Äôll never‚Ä¶ https://t.co/SkX7qRPgFf 
Massoudmaalouf, Tue Jan 26 22:59:06 +0000 2021, -77.118503, 38.981337, Facebook Again Slaps Netanyahu for Policy Violation https://t.co/ElTkK5YFfb via @TheMediaLine 
EasonNugget, Tue Jan 26 22:59:06 +0000 2021, -83.897894, 33.835145, Who‚Äôs the biggest con artist? Biden or Q? #BidenErasedWomen #BidenRegret #Biden 
WallingfordRie1, Tue Jan 26 22:59:06 +0000 2021, -97.323518, 30.113197, @Chris_Myers50 @jvgraz You're why Dems lose. 
ddeleon2004, Tue Jan 26 22:59:06 +0000 2021, -87.732013, 41.833585, @MonchiC__8 Monchiiiiii ....... 
Julianka8265, Tue Jan 26 22:59:06 +0000 2021, -71.088712, 42.313670, @Jim_Jordan A sign of intelligence is being able to change your mind given more information on a subject... 
wishthegreatest, Tue Jan 26 22:59:06 +0000 2021, -121.439383, 38.410428, I wish I could have a brother that wears butterflies on his face and sings üò¢üôÉ 
Nancecy, Tue Jan 26 22:59:06 +0000 2021, -92.131274, 34.751936, üò¢ 
brady_bolin_, Tue Jan 26 22:59:06 +0000 2021, -82.342269, 34.795941, ‚ÑÇ ùïÜ ùïÑ ùïÑ ùïÄ ùïã ùïã ùîº ùîª üî¥‚ö™Ô∏è‚öîÔ∏è #AGTG #2TheV1lle @NGUFootball1 @TreyMcCray @ngucrusadersHBC @CoachGiugliano‚Ä¶ https://t.co/zMrQ9DNGzK 
davebardgett, Tue Jan 26 22:59:06 +0000 2021, -90.600600, 38.757838, @MollyJongFast ü§Æü§Æü§Æü§Æü§Æü§Æü§Æü§Æü§Æ 
HendoSalvi, Tue Jan 26 22:59:06 +0000 2021, -96.544443, 32.924258, If you see these please link me up! 
m_Lana17, Tue Jan 26 22:59:07 +0000 2021, -83.173867, 32.678207, Daphne so dumb on bridgerton 
ResisterChic, Tue Jan 26 22:59:07 +0000 2021, -84.306489, 33.943072, #ExpelMarjorieTaylorGreene #ExpelMarjorieTaylorGreene #ExpelMarjorieTaylorGreene#ExpelMarjorieTaylorGreene 
PsykeXo, Tue Jan 26 22:59:07 +0000 2021, -76.324382, 39.503100, @ClixHimself same wtf 
DokFaux, Tue Jan 26 22:59:07 +0000 2021, -83.804475, 27.698682, They booted my house, please send me $1000 so I can go outside 
TinthekeyofC, Tue Jan 26 22:59:07 +0000 2021, -94.279122, 39.014860, @41actionnews @kholmesKSHB Running battle 
beerswithshim, Tue Jan 26 22:59:07 +0000 2021, -77.641937, 43.057039, Still absolutely in love with getting beer shipped to me and I can‚Äôt think of better beer to drink during a snow st‚Ä¶ https://t.co/YLtF42DqAi 
trillestleal, Tue Jan 26 22:59:07 +0000 2021, -97.432425, 27.737151, I ACCIDENTALLY ORDERED PANDA EXPRESS LMAO I WAS LOOKIN AT THE FOOD AND NEXT THING YU KNO IT, THAT HOE SAYS ‚ÄúCONFIRMED THANK YOU‚Äù BITCHüò©ü§£ 
Jachcamo, Tue Jan 26 22:59:07 +0000 2021, -96.932840, 33.170366, @washingtonpost Stooooooop with the both sides bullshit!! 
SanchezPattie, Tue Jan 26 22:59:07 +0000 2021, -118.007164, 33.900901, @tyler Look at overstock 
DummyThiccMac, Tue Jan 26 22:59:07 +0000 2021, -95.539852, 30.181252, @awwwbie Oh no. Not the L hand 
AngieFi7, Tue Jan 26 22:59:07 +0000 2021, -74.724323, 40.073041, @puckarinen Adam Banks baby , Madison NJ https://t.co/P6aSLfXMw8 
tharealbrandyn, Tue Jan 26 22:59:07 +0000 2021, -117.397616, 33.935822, @APieceofburger1 @malik_dgaf @empress_ary call me the 80 then 
hollymicrobial, Tue Jan 26 22:59:07 +0000 2021, -120.583402, 44.145437, Oliver, meet snow! (Oliver is way more interested in snow than I expected.) #dogsoftwitter https://t.co/YbtNkcBHVV 
NOFUXPODCAST, Tue Jan 26 22:59:08 +0000 2021, -100.453089, 31.440523, https://t.co/Oetg1ebVba 
Ms_J_Mac, Tue Jan 26 22:59:08 +0000 2021, -121.287080, 38.693226, It‚Äôs crazy to think we spend multiple summer days in sweltering heat. 
rentonprep, Tue Jan 26 22:59:08 +0000 2021, -122.201800, 47.481160, Just posted a video @ Renton Prep https://t.co/gxlyygM0Jl 
DeadlyGambit, Tue Jan 26 22:59:08 +0000 2021, -79.861034, 35.170499, @The_Golden_Demo @PhoenixJustice And begins the awkward staring.üò≥ 
IamSantwon, Tue Jan 26 22:59:08 +0000 2021, -83.173867, 32.678207, @BrandonSrBlack I hope you‚Äôre ready!Releasing tonight!!!!! @brandonallstars @herffjones @MAJORScheer #iamsantwon https://t.co/HK8pHmd5Ht 
IceBearPhotos, Tue Jan 26 22:59:08 +0000 2021, -88.336118, 41.690508, @fruitfornow @notesbyemmet @dairyfreakk @tiffanycrosses yes!! what happened to the MuseumCafe thing?! üëÅüëÅ i totally‚Ä¶ https://t.co/b2kU7ncdCU 
petkov0202, Tue Jan 26 22:59:08 +0000 2021, -73.948775, 40.655138, @FerminaM What was in that cheese?? ü§£ü§£ 
SimoneBonzanini, Tue Jan 26 22:59:08 +0000 2021, -87.920083, 41.172804, @umanesimo @cdellaciana Ma hai presente cosa sia il lobbismo? E di cosa si trattava in questa conferenza?https://t.co/dpusuK8UPe 
coolredbone313, Tue Jan 26 22:59:08 +0000 2021, -83.099288, 42.352787, @DcBwoi My fav 
crimeslunk, Tue Jan 26 22:59:08 +0000 2021, -118.107439, 34.010187, My gf looked at me and said ‚Äúlook my check engine light is on :)‚Äù with a big grin on her faceBabe these aren‚Äôt ac‚Ä¶ https://t.co/We1e7mXDrx 
jamesedgar70, Tue Jan 26 22:59:08 +0000 2021, -80.846785, 35.209059, A friendly reminder that the NFL is not above fixing games. NFL brass was hell-bent on sending Peyton into retireme‚Ä¶ https://t.co/9rITBIREmv 
andrethepadre, Tue Jan 26 22:59:09 +0000 2021, -122.330602, 47.614817, Pulled the trigger on a Dino core just in time for Miscellaneousaurus to get hit on next ban list 
madvilIainy, Tue Jan 26 22:59:09 +0000 2021, -79.272570, 43.629311, i think it‚Äôs time to revisit attack on titan. 
FLlorK, Tue Jan 26 22:59:09 +0000 2021, -77.014398, 38.898603, Congratulations to the new Secretary  @SecBlinken! We are sure, #CostaRica and the #US will continue working togeth‚Ä¶ https://t.co/gfA9LRgyvc 
MalexNM, Tue Jan 26 22:59:09 +0000 2021, -106.662024, 35.296183, @hannahoxoxox @MichaelVlamis https://t.co/TFaqU8w6Hg 
leslimlegend, Tue Jan 26 22:59:09 +0000 2021, -84.397414, 33.757951, Girl these kids selling tshirts that say WATER BOYZ N THE HOOD!! THE GHETTOOOO https://t.co/THW4dEG3S4 
MoniJaneee, Tue Jan 26 22:59:09 +0000 2021, -80.846785, 35.209059, Don‚Äôt forget to come and pick up your feelingssssss 
mario_arencibia, Tue Jan 26 22:59:09 +0000 2021, -87.942283, 41.889724, @Darrick75677354 This was me today LOL counting how many properties and how much cash LOL needless to say it‚Äôs been‚Ä¶ https://t.co/1XLocpv3f8 
ScottMAdams3, Tue Jan 26 22:59:09 +0000 2021, -81.725504, 41.024360, @aloverofblue I've got a trick shoulder that does the same! 
ElGoodHombre, Tue Jan 26 22:59:09 +0000 2021, -80.304663, 25.857732, At this point, I‚Äôm gonna invest $100 in doge coin 
MrWorkrate, Tue Jan 26 22:59:09 +0000 2021, -78.613697, 35.690305, @loveandhydrogen @hlsmith_2 @cane_alytics One has claimed an Amazon padded envelope as a bed. It‚Äôs not really worth trying. 
wjf____, Tue Jan 26 22:59:10 +0000 2021, -104.922093, 39.713563, @thatboomboompow Ooooh yes, love Jessica Lopez 
NoShade_SHIDA, Tue Jan 26 22:59:10 +0000 2021, -76.614000, 39.294400, Just Added ‚ù§Ô∏è plaidie baddie baseball cap! #copup #boutiqueshopping #vibes #motivation #smallbiz #bussitchallenge‚Ä¶ https://t.co/rSjR4JeeoX 
mattlogical, Tue Jan 26 22:59:10 +0000 2021, -119.306608, 37.269176, @SenSchumer Oaths mean nothing to @SenateGOP 
JDandTurkelton, Tue Jan 26 22:59:10 +0000 2021, -90.247824, 38.653771, I'm gonna LMFAO when no one gets in this year.. https://t.co/NEe2DYKOKJ 
Spacecase_, Tue Jan 26 22:59:10 +0000 2021, -79.272570, 43.629311, Stream is likely to start a little later than 7, because let's face it I'm terrible with time management outside of work. 
KavichRick, Tue Jan 26 22:59:10 +0000 2021, -96.053431, 41.275721, Awesome. You're a great mother Go Raiders 
Ariandrea22, Tue Jan 26 22:59:10 +0000 2021, -73.831187, 40.670879, @MariojCoba https://t.co/zQ9rMxya1A 
papixavien, Tue Jan 26 22:59:10 +0000 2021, -82.442694, 27.996595, I luv this so much https://t.co/0HRRx0OwDG 
shayna_banayna, Tue Jan 26 22:59:11 +0000 2021, -73.592614, 41.051264, *long day at work and questioning why I keep allowing myself to overwork myself* *constantly remembers wanting to‚Ä¶ https://t.co/02S6Fyje2i 
ErenUnten, Tue Jan 26 22:59:11 +0000 2021, -118.325145, 34.182160, More #WandaVision love! Tried to capture the groovy vibes from episode 3 for this. üåº‚òÆÔ∏èüå∏ https://t.co/mBDXlP8CR5 
iembot_lot, Tue Jan 26 22:59:11 +0000 2021, -88.120000, 42.030000, At 4:55 PM CST, 2 W Schaumburg [Cook Co, IL] NWS EMPLOYEE reports SNOW of 7.00 INCH. STORM TOTAL 7.0 INCHES https://t.co/NEMRS7Nrwt 
WCFC4, Tue Jan 26 22:59:11 +0000 2021, -83.002085, 42.295065, https://t.co/dcoMTo3xrh 
qorashi, Tue Jan 26 22:59:11 +0000 2021, -79.272570, 43.629311, @ShabSiLand ÿßŸàŸáÿå ÿßŸàŸáÿå ŸáŸÖ€åŸÜŸá ÿ¥ÿØ€å ÿßÿ≥ÿ™ÿßÿØ Ÿæÿ±ÿ≠ÿßÿ¥€åŸá üòà 
oregonrooted, Tue Jan 26 22:59:11 +0000 2021, -122.826191, 42.326774, Just posted a photo @ Rogue Valley https://t.co/jvNbpZsE8c 
Burgundy_Skji, Tue Jan 26 22:59:11 +0000 2021, -105.550890, 38.997936, I made some valentines cards that you can print at home ü•∞‚ô•Ô∏èüå∂üçãüç≥ü•ìhttps://t.co/IPcBg04SR8 https://t.co/JPowPgcBhQ 
Liserpan, Tue Jan 26 22:59:11 +0000 2021, -79.674847, 44.371263, Goal digger. 
THEBARREL585, Tue Jan 26 22:59:11 +0000 2021, -77.580920, 43.157280, Just posted a photo @ The Barrel Rochester https://t.co/R3r1KxIvxg 
cocowatre, Tue Jan 26 22:59:11 +0000 2021, -73.948775, 40.655138, y‚Äôall https://t.co/ir6sNtn3Em 
Shane_Magness91, Tue Jan 26 22:59:11 +0000 2021, -97.552161, 35.482844, The train was stopped today 
_bodaciousbee, Tue Jan 26 22:59:11 +0000 2021, -76.921232, 38.848156, @Just_Cardo I didn‚Äôt get it üòï 
nicoduretour, Tue Jan 26 22:59:11 +0000 2021, -71.341059, 46.855857, @_MrsScarlett La pand√©mie n'est pas un contraceptif efficace de ton c√¥t√©? 
ThugDebugger, Tue Jan 26 22:59:11 +0000 2021, -84.433106, 33.767195, Immediately buying 2,000 shares of $BB in the morning 
PapaDarioD, Tue Jan 26 22:59:11 +0000 2021, -82.912730, 35.531638, @champa10 @RandPaul I guess I need to inform you that he was still having the speech when the assault on the capita‚Ä¶ https://t.co/MTpumdGPDw 
MosdefMaro, Tue Jan 26 22:59:11 +0000 2021, -98.540651, 29.417501, @BrothaJuice yuck 
TomTom1452, Tue Jan 26 22:59:11 +0000 2021, -112.124676, 33.552863, I ain‚Äôt ever really pushed my design out like that. But man I can‚Äôt wait. 
butchabernathy1, Tue Jan 26 22:59:12 +0000 2021, -83.542508, 34.564940, @KatiePavlich That‚Äôs Beijing joes plan not America‚Äôs can we recall this administration 
jezabelle_bitch, Tue Jan 26 22:59:12 +0000 2021, -80.646060, 40.363631, I just don't even know anymore. About anything... even my fucking self. 
MacD_D_verjens, Tue Jan 26 22:59:12 +0000 2021, -93.809434, 32.461107, @MrZackMorris Account growth https://t.co/YR9mt3Hjdi 
brendal46709924, Tue Jan 26 22:59:12 +0000 2021, -122.435979, 37.770657, Junto con la puta que te pario has de ser un pedo podrido 
JohnCur35987420, Tue Jan 26 22:59:12 +0000 2021, -74.003782, 41.553343, @SenTedCruz is the keystone pipeline a contracted project with signed contracts does the balance of that bid have t‚Ä¶ https://t.co/MZCH8wgyKF 
rcevetto, Tue Jan 26 22:59:12 +0000 2021, -80.759416, 41.190866, @Scottland2007 @_shmick @themetalacademy Agree 
BrentHogarth, Tue Jan 26 22:59:12 +0000 2021, -123.070225, 49.315607, KOBE ! 
mattsevits, Tue Jan 26 22:59:12 +0000 2021, -123.122401, 44.065621, I can‚Äôt believe I used to edit videos wholly within the timeline instead of using the program monitor... ü§¶üèª‚Äç‚ôÇÔ∏è That‚Ä¶ https://t.co/DaQveeYNor 
ArgoJournal, Tue Jan 26 22:59:12 +0000 2021, -80.133811, 25.887650, @burgessev Note: Leahy, now 80, turns 81 in March. 
angpalaggi, Tue Jan 26 22:59:12 +0000 2021, -74.119900, 40.905600, But make it fashion üíÅüèª‚Äç‚ôÄÔ∏è @ Elmwood Park, New Jersey https://t.co/MkNbDwpfIk 
Austin_R_III, Tue Jan 26 22:59:12 +0000 2021, -84.539813, 39.137038, Dog is up 85% 
Baddie_Vally, Tue Jan 26 22:59:12 +0000 2021, -80.187553, 25.868938, I hate men. 
AlbiCabrera, Tue Jan 26 22:59:12 +0000 2021, -122.330602, 47.614817, Se lo compart√≠ a todes hoy y estamos muy üòç Excelente  trabajo de Richard Villegas (@songmessmusic), como todo lo qu‚Ä¶ https://t.co/IfHdsrP3JW 
UncleMaffoo, Tue Jan 26 22:59:12 +0000 2021, -86.680738, 32.576227, Funny thing about Tom Brady: we'd never know he was (allegedly) a Trump supporter if someone else hadn't told us. 
QueenSarahSatur, Tue Jan 26 22:59:13 +0000 2021, -73.948775, 40.655138, @FayeH321 Refuah Sheleimah! 
AnitaWarren2, Tue Jan 26 22:59:13 +0000 2021, -70.705693, 42.111970, @peterbakernyt No integrity! No moral compass! No character! 
StinceBuilt, Tue Jan 26 22:59:13 +0000 2021, -77.604684, 41.117936, @MikeStanTweets Omni-directional condenser microphone + mounted camera! 
lanemunz, Tue Jan 26 22:59:13 +0000 2021, -82.037158, 28.878190, @Chelsiii5 @drewsimmons352 Okay, Trailer Park Boys 
katieroo_25, Tue Jan 26 22:59:13 +0000 2021, -73.968542, 40.780709, Ask me how many of my shirts now have boob windows. 
BaddassHeaven, Tue Jan 26 22:59:13 +0000 2021, -83.173867, 32.678207, These niggas selling dreams to these Lil dummy‚Äôs out here 
DaveWNSP, Tue Jan 26 22:59:13 +0000 2021, -88.161555, 30.683649, They need a little help @TheJaxShow #AscotFriday 
paigelwallace, Tue Jan 26 22:59:14 +0000 2021, -98.540651, 29.417501, Literally will never go to plato‚Äôs closet AGAIN 
_emilyterry_, Tue Jan 26 22:59:14 +0000 2021, -80.926628, 33.631140, This way the day I knew 2020 was gonna be some shit üòî 
kdollaaz__, Tue Jan 26 22:59:14 +0000 2021, -84.433106, 33.767195, &amp; when I do tell you I love you, it don‚Äôt be small letters 
lpp12, Tue Jan 26 22:59:14 +0000 2021, -75.117998, 40.004866, @JoshInnesShow Mikey Miss 
lilasstee, Tue Jan 26 22:59:14 +0000 2021, -84.470729, 33.861402, Normalize it being ok for someone to not think you‚Äôre cute/to not be someone‚Äôs type without feeling offended. 
Ray_lyn, Tue Jan 26 22:59:14 +0000 2021, -79.980689, 40.431389, Any good movie suggestion Netflix or Hulu? Horror or comedy 
BhanJawn, Tue Jan 26 22:59:14 +0000 2021, -75.115313, 39.893291, @mosaiccanyon @Kimmature @graphicscat86 @reimamy @ponygal1986 @pedeseure @MaraRanger @JettaRosewater‚Ä¶ https://t.co/CUROvJ4krr 
allohhhh, Tue Jan 26 22:59:14 +0000 2021, -95.446486, 29.838495, @b1ackarchtect LMFAOOOOOOO 
bfoxxie, Tue Jan 26 22:59:14 +0000 2021, -82.669467, 40.365160, Another race night for Raelyn! Go JD!Watching from Waterford, Ohio!@MAVTV @MAVTVplus @EssexLucasOil @lucasdirt‚Ä¶ https://t.co/wHs4xYVSXf 
DSRaidersSports, Tue Jan 26 22:59:14 +0000 2021, -71.683502, 42.036939, Boys JV basketball: At the end of the third quarter DS leads @BhamAthletics 35-23 
tapialesleyx, Tue Jan 26 22:59:14 +0000 2021, -96.761753, 32.819858, crazy rich asians has to be my favorite movie!!loooooove! 
kristinelark10, Tue Jan 26 22:59:15 +0000 2021, -86.290863, 41.679655, ‚ÄúWow she is not attractive. You can tell she‚Äôs an ER nurse.‚Äù Someone get my husband üòê 
calebcalloway3, Tue Jan 26 22:59:15 +0000 2021, -80.233328, 25.782353, Week 6 üèÑüèæ‚Äç‚ôÇÔ∏è https://t.co/S7868MvAgx 
Mike87250094, Tue Jan 26 22:59:15 +0000 2021, -77.604684, 41.117936, @stirednotshakn Yes 
Thekatmonroe, Tue Jan 26 22:59:15 +0000 2021, -118.072317, 33.830642, @Punkasfuck1965 Oh. Feeling this so much these days... 
Dynasty_DadFF, Tue Jan 26 22:59:15 +0000 2021, -76.115302, 40.211839, Check out episode 1 of Trading Table w my boys @DynastyZoltanFF &amp; @DynastyJacobian Throwing you through Dynasty S‚Ä¶ https://t.co/dNjk5Zm2X4 
pattydehoyoos, Tue Jan 26 22:59:15 +0000 2021, -97.552161, 35.482844, As it should be ‚ú® 
gerkie313, Tue Jan 26 22:59:15 +0000 2021, -83.574671, 41.656590, I would campaign so freaking hard for Dr. Acton. 
Ramelleoverby, Tue Jan 26 22:59:16 +0000 2021, -77.931357, 35.738678, @NOIRLUV1 @MilanChrisGordy same here 
Dejan_Kovacevic, Tue Jan 26 22:59:16 +0000 2021, -79.980689, 40.431389, @rizzosarge I stated a fact. And I didn‚Äôt seek advice along the way. 
_leticiamiceli, Tue Jan 26 22:59:16 +0000 2021, -121.879033, 36.596299, Um frioooo da poooorra.. ficamos no carro e aproveitamos a vista 360o praticamente üòÇüòÇ com umas cervas e um becks .. come√ßamos bem o dia üòç 
JordanNicolee__, Tue Jan 26 22:59:15 +0000 2021, -91.090800, 30.459100, Hey y‚Äôall! So...after taking a break, I‚Äôve officially decided to start back doing hair! Dm me if interested &amp; I‚Äôll‚Ä¶ https://t.co/IyYua6pOF7 
EasyMode243, Tue Jan 26 22:59:16 +0000 2021, -123.812943, 46.187345, @SenSchumer Republicans? Being impartial jurors? They telegraphed that they won't listen to the evidence, no matter‚Ä¶ https://t.co/wdTeUf1Co4 
EnriqueBass7, Tue Jan 26 22:59:16 +0000 2021, -107.342056, 24.662488, @ferginthe_sky Uyy, es que sali√≥ otra noticia al parecer buena, aparte de eso. üòú 
yganaya, Tue Jan 26 22:59:16 +0000 2021, -84.355208, 33.617857, I need a joint 
TayDoll1010xl, Tue Jan 26 22:59:16 +0000 2021, -83.804475, 27.698682, Are these your dogs? @JordanDeArmon 
SWEETSBECKER, Tue Jan 26 22:59:16 +0000 2021, -74.966450, 41.315680, I knew in March 2020 this virus would be not a joke. 
HarryLigule, Tue Jan 26 22:59:16 +0000 2021, -79.420865, 38.003376, @mattgourlaycgcs @Craig_Anthony86 @MattSha20619144 @HaydenWestwood I know exactly what you mean. 
Damn_Ardilla, Tue Jan 26 22:59:16 +0000 2021, -98.000235, 26.176961, Weekly The compadres and I keep each other feeling pretty 
DCalhounDB, Tue Jan 26 22:59:16 +0000 2021, -111.928142, 33.392884, These new broadcasters to the Seattle area join a great list that includes Niehaus, Calabro, Gross, Blackburn, Raib‚Ä¶ https://t.co/qyciV6DtAB 
KINGAALYCE, Tue Jan 26 22:59:16 +0000 2021, -95.446486, 29.838495, the only way for me to accept and appreciate my weight gain is to not look at old pics. 
uncleP38, Tue Jan 26 22:59:16 +0000 2021, -80.233328, 25.782353, @DannySaldanha_ The coach should know better. He‚Äôs the one to blame. Very naive. 
checoz__w0rld, Tue Jan 26 22:59:16 +0000 2021, -79.002112, 35.054627, It‚Äôs only January too. Imagine keeping this up the whole year. 
TakerraHuff, Tue Jan 26 22:59:16 +0000 2021, -94.976601, 29.767947, she ate, no crumbs left 
ichrissylove, Tue Jan 26 22:59:16 +0000 2021, -84.352444, 33.943457, Let me text jimmy 
KevinMcGee20, Tue Jan 26 22:59:16 +0000 2021, -149.758794, 61.235042, @thehill Budget Reconciliation is the answer. 
jackandjill0522, Tue Jan 26 22:59:16 +0000 2021, -112.379447, 33.646654, @labnerdlady @Kathy89083261 @chipfranklin I‚Äôm not saying this is what happened- but it‚Äôs a possibility...I don‚Äôt th‚Ä¶ https://t.co/3J8vP01Wxh 
MiSSDENEE, Tue Jan 26 22:59:16 +0000 2021, -86.791549, 36.200008, @mrboro615 Ayooooooo gimme your phone üòÇ 
lrhesq, Tue Jan 26 22:59:16 +0000 2021, -76.620482, 39.284713, @SenBillFerg Senator- #Westport has no large scale market or drugstore. Our residents are fortunate to have the‚Ä¶ https://t.co/i3Fzrh2jXo 
KathrynStarkey2, Tue Jan 26 22:59:16 +0000 2021, -95.253327, 31.965799, https://t.co/EitTrf0GSN 
isabcampanell, Tue Jan 26 22:59:17 +0000 2021, -86.541606, 35.954332, lo dicen como susurrando marico no s√© pero ughhhhhh 
LCCPresident, Tue Jan 26 22:59:17 +0000 2021, -84.557899, 42.712049, So... #EndCCStigma üòÉ 
GrtStJefferson, Tue Jan 26 22:59:17 +0000 2021, -121.549816, 39.498887, @PredatorTrapper üòÇüòÇüòÇ  big state üò≥ 
rudeevileva, Tue Jan 26 22:59:17 +0000 2021, -117.629214, 34.354610, Still missing Card I mailed, not just a card, but it never showed up 
SamHooper, Tue Jan 26 22:59:17 +0000 2021, -98.245675, 26.240690, @legallyoverit Save me a treehouse! üòÜ 
killatrece, Tue Jan 26 22:59:17 +0000 2021, -80.134986, 26.373976, https://t.co/jpYpAJ3L5U 
rajivayyangar, Tue Jan 26 22:59:17 +0000 2021, -122.435979, 37.770657, Loving Ankit‚Äôs vision for a more connected data org! üëá 
Guardabascio, Tue Jan 26 22:59:17 +0000 2021, -118.156711, 33.809172, @Dani_Pallotta Wow you‚Äôre really making me making everything about me about you üôÑ 
CheriseCee, Tue Jan 26 22:59:18 +0000 2021, -158.064849, 21.492051, Y‚Äôall are so funny üò≠üò≠üò©ü§£ 
jackie_kisley, Tue Jan 26 22:59:18 +0000 2021, -81.552273, 41.317588, @VeroniqueEB @ChoiceChain @NBCLX me and my friend and two of my cousins are due in june! 
riotheatherrr, Tue Jan 26 22:59:18 +0000 2021, -122.061771, 47.678813, @apileofkittens I think it may take longer than we‚Äôd like, Callie.‚ù§Ô∏è 
MColeman210, Tue Jan 26 22:59:18 +0000 2021, -98.540651, 29.417501, Never. I‚Äôm just impatient... and in fairness it‚Äôs not like I‚Äôm some random. I got some plausible ways to get that I‚Ä¶ https://t.co/FnPXfr7ymB 
JoeHarleyDoes, Tue Jan 26 22:59:18 +0000 2021, -117.434547, 47.667438, @NGr33k @KAIROSMMA @StandUpCruz He was the man! Absolutely made me a fan. 
RyanThomasCody, Tue Jan 26 22:59:18 +0000 2021, -112.124676, 33.552863, @BarstoolReags Going after? lol, what? 
gabrielle_oxx, Tue Jan 26 22:59:18 +0000 2021, -81.100852, 33.992021, Absolutely!! 
moiskashot, Tue Jan 26 22:59:18 +0000 2021, -122.480317, 37.691029, Para las mujeres de Caracas, es verdad esto? https://t.co/dcFTIzdMN1 
TheKateBoyd, Tue Jan 26 22:59:18 +0000 2021, -96.761753, 32.819858, For the record, his answer was no ‚Äî or at least that we confront the person(s) and ideas. 
OAJIGE, Tue Jan 26 22:59:18 +0000 2021, -87.732013, 41.833585, @mustaphalli Just watch.üíã 
tmj_ksk_transp, Tue Jan 26 22:59:18 +0000 2021, -94.516040, 39.134715, If jobs with titles like "Class A Driver with Hazmat" sound appealing to you, follow us to hear about these types o‚Ä¶ https://t.co/B1sgRjO7xp 
CthulhuHandLWG, Tue Jan 26 22:59:18 +0000 2021, -107.898046, 35.177920, Give her a follow. 
EASportz_13, Tue Jan 26 22:59:18 +0000 2021, -97.011168, 32.655678, üòÇüòÇüòÇFr fr 
ahern227, Tue Jan 26 22:59:19 +0000 2021, -91.401008, 30.937336, Tls por favor 
liltonyshorty1k, Tue Jan 26 22:59:19 +0000 2021, -87.732013, 41.833585, On foe nem ü§£ 
HarvRat, Tue Jan 26 22:59:19 +0000 2021, -80.332605, 43.402109, Well that was a crap drive home. More stressed now than I was at work! Wine please! üç∑ 
MichelleSpiker7, Tue Jan 26 22:59:19 +0000 2021, -79.420865, 38.003376, @DCComics LOVE THEM!!! https://t.co/XpQRfUYJHw 
davidbartzen2, Tue Jan 26 22:59:19 +0000 2021, -82.669467, 40.365160, @spicymixofsweet @Salem4Congress A trump sycophant 
JudyPri46916678, Tue Jan 26 22:59:19 +0000 2021, -83.173867, 32.678207, https://t.co/VBnEgHqCQv 
TheSharok, Tue Jan 26 22:59:19 +0000 2021, -118.411907, 34.020789, https://t.co/yK2XlzEoYV 
tmj_phx_banking, Tue Jan 26 22:59:19 +0000 2021, -112.074037, 33.448377, We're hiring in #Phoenix, AZ! Click the link in our bio to apply to this job and more: Mortgage Loan Closer II - Ph‚Ä¶ https://t.co/j2UMi7SKjX 
jcastrocastro, Tue Jan 26 22:59:19 +0000 2021, -107.762357, 24.734035, @MPserable Si, yo tambi√©n!!! 
SimpkinsTess, Tue Jan 26 22:59:19 +0000 2021, -105.074908, 40.409374, @SandyASDS01 @Corrieann1519 @MiriamAcevedo7 @hixsonhomedepot @Annmari58965891 @tholub6589 @shelly_leckemby‚Ä¶ https://t.co/VBrtXfTAJV 
Ford_Fetti, Tue Jan 26 22:59:20 +0000 2021, -93.093100, 44.949700, Just posted a photo @ Saint Paul, Minnesota https://t.co/zTiih3YQ2z 
tmj_WA_psych, Tue Jan 26 22:59:20 +0000 2021, -117.426047, 47.658780, Looking to score a job at Washington Permanente Medical Group? You're in luck. Click the link in our bio for the jo‚Ä¶ https://t.co/lqF676frwQ 
tmj_den_transp, Tue Jan 26 22:59:20 +0000 2021, -105.060540, 39.740834, O'Reilly Auto Parts is hiring in #Lakewood, CO! Click the link in our bio to apply: Parts Delivery 
mdudas, Tue Jan 26 22:59:20 +0000 2021, -73.968542, 40.780709, came to the same conclusion and put on a $sushi position earlier in january myself 
chrispinelo, Tue Jan 26 22:59:20 +0000 2021, -84.453942, 39.081328, @DanRather Yes to GODFATHER Part 2 and The Empire Strikes Back. Add Lethal Weapon 2, Star Trek II, X-Men 2, The Dar‚Ä¶ https://t.co/XNl2yUHfOF 
paritosh_bhide, Tue Jan 26 22:59:20 +0000 2021, -122.935530, 45.530779, @fymroo https://t.co/cn63YTHXjV 
marsjf3, Tue Jan 26 22:59:20 +0000 2021, -88.821688, 33.456504, @johnebialas Block 
speakingofque, Tue Jan 26 22:59:20 +0000 2021, -82.985772, 39.994684, Was having a good day really was then here come mfs wanna just ruin shit like bro good fucking bye 
MikeSington, Tue Jan 26 22:59:20 +0000 2021, -118.411907, 34.020789, @macsmail Apparently not! 
vergara_angela, Tue Jan 26 22:59:20 +0000 2021, -118.480420, 34.022688, @jessezphd Cu√≠date! 
tmj_cae_sales, Tue Jan 26 22:59:20 +0000 2021, -81.039307, 33.999674, Prime Communications is hiring in #Columbia, SC! Click the link in our bio to apply: Retail Sales Consultant- AT&amp;T #Sales 
tmj_ky_sales, Tue Jan 26 22:59:20 +0000 2021, -83.714285, 36.607257, Career tip for landing jobs like "Cashier" in #Middlesboro, KY. Go on informational interviews. The best way to get‚Ä¶ https://t.co/OwBZeSuOXB 
ltischler, Tue Jan 26 22:59:20 +0000 2021, -75.149271, 39.791677, @cmclymer @Catholic4Choice Congratulations!!!! 
CheerTiaCheer, Tue Jan 26 22:59:20 +0000 2021, -83.173867, 32.678207, Claiming it üôèüèΩ 
BowlCutApolgist, Tue Jan 26 22:59:20 +0000 2021, -122.083248, 37.075786, https://t.co/V9T6C3G8qf 
markgoo80547801, Tue Jan 26 22:59:20 +0000 2021, -80.137196, 25.956118, @vegix Just stop to look in. 911??  Oh damn, left my phone in the car. üò≤ 
airgups23, Tue Jan 26 22:59:20 +0000 2021, -122.279521, 37.875845, @mjbarash She's not wrong. But also, she is a hata. Both can be true. 
jen_ch0i, Tue Jan 26 22:59:21 +0000 2021, -84.433106, 33.767195, DROP YOUR PELOTON HANDLES üëáüèªüëáüèªüëáüèª 
PhillztheMC, Tue Jan 26 22:59:20 +0000 2021, -84.433106, 33.767195, Predicted the ending of #AmericanSkin as soon as the Cpt. buttoned his top button after the mock trial was over. Sh‚Ä¶ https://t.co/S2mkfm4N2D 
LaBelleShanell, Tue Jan 26 22:59:21 +0000 2021, -86.791549, 36.200008, I really need a good budget/spreadsheet system. 
billyjolie, Tue Jan 26 22:59:20 +0000 2021, -82.442694, 27.996595, I love this photo of @britneyspears! https://t.co/6WEyfSVUOI 
DorvalTony, Tue Jan 26 22:59:21 +0000 2021, -75.800141, 45.248791, @RepMattGaetz https://t.co/XsAev88c6j 
hippiegoddess17, Tue Jan 26 22:59:21 +0000 2021, -166.599693, 23.691364, That booty would make me not ever want to touch another man again, on god!!! üòÇüò≠ I need to see it in person that vid‚Ä¶ https://t.co/HLTcCSaADQ 
sarpong_jacody, Tue Jan 26 22:59:21 +0000 2021, -91.401008, 30.937336, @zikierra1 üíØ‚ù§Ô∏è 
Rob98734395, Tue Jan 26 22:59:21 +0000 2021, -100.076888, 31.168893, @Amelia_xxvi @rg2615467 Hello hun 
_KUMARIO7, Tue Jan 26 22:59:22 +0000 2021, -80.926628, 33.631140, I ain‚Äôt seen a Amber in years my boy 
EternalLifePlan, Tue Jan 26 22:59:22 +0000 2021, -86.142922, 39.779562, @rogerkimball @SenRandPaul It was brilliant but the Democrats know Republicans will never hold them accountable for‚Ä¶ https://t.co/nIFIuF7NXG 
VaCoach26, Tue Jan 26 22:59:22 +0000 2021, -81.968524, 36.709059, It‚Äôs only practice for the real game to come later. 
linda_bruhh, Tue Jan 26 22:59:22 +0000 2021, -88.936684, 39.854585, @idont_followbac I needed this!! Thank youüôèüèΩüòÇüòÇ 
fauteuxa, Tue Jan 26 22:59:22 +0000 2021, -93.389864, 41.938228, @lukefreeman33 I‚Äôll write a letter quick and ask him 
ariee_nikayla, Tue Jan 26 22:59:22 +0000 2021, -84.266174, 30.476216, My hair is so poofy right now 
ahammTNT, Tue Jan 26 22:59:22 +0000 2021, -122.455344, 47.242960, The cynical part of me hopes nobody gets enough votes cause LOLZ 
KathyLovetro, Tue Jan 26 22:59:22 +0000 2021, -87.883405, 42.589265, @KingDay__ You‚Äôd make America great again! I can‚Äôt stand that jerk! 
studiocafebleu, Tue Jan 26 22:59:23 +0000 2021, -81.347267, 34.126489, This is so good to see. 
SexyCD10, Tue Jan 26 22:59:23 +0000 2021, -85.391350, 40.197240, @jo_journey2912 Thanks be careful out there 
iembot_bgm, Tue Jan 26 22:59:23 +0000 2021, -75.320000, 43.000000, At 5:53 PM EST, Paris [Oneida Co, NY] TRAINED SPOTTER reports HEAVY SNOW of 3.20 INCH https://t.co/MjDJoVJiCl 
thestoriesguy, Tue Jan 26 22:59:23 +0000 2021, -123.122401, 44.065621, HERE. FOR. THIS. 
blondrocker1967, Tue Jan 26 22:59:23 +0000 2021, -121.971926, 38.362844, @TVcody Fairfield. No it was DirectTV. Bah! üòâ 
DrWhoScholar, Tue Jan 26 22:59:23 +0000 2021, -92.604582, 44.865365, @MarkAyresRWS I hope you‚Äôre going to make the killer insects fly orbits around the surround field. üòÄ 
gregggonsalves, Tue Jan 26 22:59:23 +0000 2021, -72.929158, 41.298394, #covax has suggested 27% of people in poor countries should get vaccines this year. That‚Äôs an unacceptably low bar.‚Ä¶ https://t.co/oJ7fpKFGbK 
jasongoforth, Tue Jan 26 22:59:23 +0000 2021, -86.783700, 36.165100, #nashville #film #2013 #35mm #nofilter #nashvilleskyline #jet #storm #stormclouds #sunset #parthenon #selfie‚Ä¶ https://t.co/KQDSHp1sJk 
CoachRegalado, Tue Jan 26 22:59:23 +0000 2021, -100.076888, 31.168893, 2 More RSVPs to the #EatonEagleOfferParty üö®üö®üö®üö®üö® 
ClippedMeSmh, Tue Jan 26 22:59:24 +0000 2021, -84.532133, 33.948124, Lmao nah, the area üòÜ 
young_age, Tue Jan 26 22:59:24 +0000 2021, -122.292860, 37.818840, @lifeeofyoko Striking a pose at the record release party @ Soundwave Studios https://t.co/l2cWh4LxYN 
weeklywheelnews, Tue Jan 26 22:59:24 +0000 2021, -122.197305, 47.092632, @JealousofBelle @DefaultRand LOL 
BBB1022, Tue Jan 26 22:59:24 +0000 2021, -76.210766, 40.348151, @dawnalana2 @leahvalise I'd rather have mayonnaise kept in the fridge also. Of course lots of preservatives in store bought. 
AaronDeNu, Tue Jan 26 22:59:24 +0000 2021, -76.976661, 38.926639, https://t.co/m0kzOOacV9 
AustinDarrr, Tue Jan 26 22:59:24 +0000 2021, -90.247824, 38.653771, Me and who 
mi_barra, Tue Jan 26 22:59:24 +0000 2021, -111.498181, 28.969863, @elfranshute https://t.co/Jte55MFhpx 
BillParker48, Tue Jan 26 22:59:24 +0000 2021, -90.499221, 38.577462, @RoyBlunt Trump has to be punished and this is a great way. It is not outside the Constitution as it has been done‚Ä¶ https://t.co/m3dEiSjBQQ 
weathernerd6, Tue Jan 26 22:59:24 +0000 2021, -81.332294, 28.757486, @heebeejeebies12 Hell no it ain't üòù 
gabrielle_oxx, Tue Jan 26 22:59:24 +0000 2021, -81.100852, 33.992021, True 
Wopfrmva, Tue Jan 26 22:59:25 +0000 2021, -98.319925, 38.498196, Safe to say I turn myself into a big dawg!!! 
JessieB1705, Tue Jan 26 22:59:25 +0000 2021, -105.550890, 38.997936, @Pres10Vance But he‚Äôs fucking funny haha üòÇ 
dmcland72, Tue Jan 26 22:59:25 +0000 2021, -80.846785, 35.209059, Screw job metric 
sportsbrain, Tue Jan 26 22:59:25 +0000 2021, -117.104989, 32.810012, -3 after 11 things are heating up. 
lakebrahlands, Tue Jan 26 22:59:25 +0000 2021, -96.761753, 32.819858, @5iveholepunch Celebration, hands down the best. 
changeofHEARTS_, Tue Jan 26 22:59:25 +0000 2021, -81.109617, 32.017285, HUSBAND. Thank you for all that you‚Äôve done thus far for us, and for whatever lengths you‚Äôll go for us. This partne‚Ä¶ https://t.co/mmvkBpC2xP 
rdmnow, Tue Jan 26 22:59:25 +0000 2021, -86.441236, 39.766555, @GayDispatcher @Princessploopie https://t.co/qZ3taDlo20 
PatrickHigh8, Tue Jan 26 22:59:25 +0000 2021, -90.011008, 29.982601, @LeahJeannn Yay üòÅ 
hmanderson88, Tue Jan 26 22:59:25 +0000 2021, -105.550890, 38.997936, @DailyCaller Sounds like an admission 
NHSSCA_IN, Tue Jan 26 22:59:25 +0000 2021, -86.441236, 39.766555, We are 1 week away from night one of the @NHSSCA_IN 2021 State Clinic. If you haven‚Äôt registered yet... what are y‚Ä¶ https://t.co/1YmPpeMiNz 
bamart8, Tue Jan 26 22:59:25 +0000 2021, -83.804475, 27.698682, @CaslerNoel @SenRonJohnson And they have already left the home, so no need to come over ! 
SpinksSandra, Tue Jan 26 22:59:26 +0000 2021, -116.517290, 33.825080, @brianbeutler Meadows was one of the insurrectionists. 
EarlGrace_T_, Tue Jan 26 22:59:26 +0000 2021, -76.555727, 38.992081, @HollywoodLowman I had a buddy the elf moment reading this. ü§£ ‚ÄúI Know Her!!!‚Äù ü§£ü§£ü§£ https://t.co/TdBE1AAgXf 
tim_radio, Tue Jan 26 22:59:26 +0000 2021, -92.131274, 34.751936, Ayeeeeeee!!! @kyiahjadejulian 
ChuchitaFahme, Tue Jan 26 22:59:26 +0000 2021, -117.104989, 32.810012, @mattgaetz I think Liz Cheney is awesome! You are a sad man. 
breannedws, Tue Jan 26 22:59:26 +0000 2021, -117.017630, 32.769690, definitely will not complain if someone wants to drop a cold brew off at my doorstep to get me through this hard ass neurobio midterm 
fakegtbynum, Tue Jan 26 22:59:26 +0000 2021, -95.913642, 36.109392, Then we just have to return all the bleach and My Pillows. 
CharlesPavia1, Tue Jan 26 22:59:26 +0000 2021, -73.860857, 40.944568, @Alex55588785 Nice grower 
evantodd_, Tue Jan 26 22:59:26 +0000 2021, -88.161555, 30.683649, *my supervisor introduces me to the other SLPs*other SLP: omg we have a BOY?! me to myself: a boy with a splash of sis, girly pop. 
allohhhh, Tue Jan 26 22:59:26 +0000 2021, -95.446486, 29.838495, @RealKingSavi üòåüòåüòå 
UncleSmileyDaDJ, Tue Jan 26 22:59:26 +0000 2021, -122.637309, 48.289541, Smoking boonk 
MTorganizer, Tue Jan 26 22:59:27 +0000 2021, -112.021045, 46.597517, @haleyeah @mkraju Yes 
fsherkay, Tue Jan 26 22:59:27 +0000 2021, -71.757844, 42.525078, I treat loyalty like it‚Äôs gold 
gregkhngsoliven, Tue Jan 26 22:59:27 +0000 2021, -122.630908, 45.536402, @PowerOwn45 @MightyAtom138 @PortlandPolice And you live where, Twitter for Android? 
TheLastPirateLA, Tue Jan 26 22:59:27 +0000 2021, -118.411907, 34.020789, Well I know I am book smart trusting dork  ... it‚Äôs ok https://t.co/2ObHhR9STx 
GbengaOlaa, Tue Jan 26 22:59:27 +0000 2021, -73.938142, 42.803134, ‚ù§Ô∏è 
mcheno, Tue Jan 26 22:59:27 +0000 2021, -111.931711, 34.168253, White cabinets bs gray cabinets for the kitchen. That‚Äôs my dilemma. Anyone have cons for either? https://t.co/FTjQi6ZgR1 
LaDiavolina, Tue Jan 26 22:59:27 +0000 2021, -73.723025, 45.557830, I miss dancing. 
Djhoze_, Tue Jan 26 22:59:28 +0000 2021, -96.761753, 32.819858, Big Yavo hardest new rapper.... Yes, better than shiesty and 30 ! 
loganloring10, Tue Jan 26 22:59:28 +0000 2021, -91.618471, 41.754823, @AndrewBrandt But he still torched the Bucs.....here comes everyone that says the bucs were down players.‚Ä¶ https://t.co/LsLsbpYjIu 
sunny051488, Tue Jan 26 22:59:27 +0000 2021, -117.022695, 38.502147, @seowtk @StealthQE4 @Rapidavenger941 @TrashBridges You guys hearing this sweet music? https://t.co/dKyqMbrRHQ 
TrentPhillips_, Tue Jan 26 22:59:28 +0000 2021, -84.266174, 30.476216, RIP ‚öîÔ∏è 
ettiennepercy, Tue Jan 26 22:59:28 +0000 2021, -73.968542, 40.780709, do you like my stupid hair? would you guess that i didn‚Äôt know what to wear? 
JoydeJoe, Tue Jan 26 22:59:28 +0000 2021, -76.355918, 36.841764, i‚Äôll crack a joke every now and then. but overall i‚Äôm really quiet. 
howsdisgurl, Tue Jan 26 22:59:28 +0000 2021, -155.648736, 20.031660, @lawaikapohaku We make jokes that this island and that island is better and all that but, we‚Äôre all proud of where‚Ä¶ https://t.co/eIydQto0ZO 
retraCtheJD, Tue Jan 26 22:59:28 +0000 2021, -112.124676, 33.552863, @priyanka_mo :))) hope it helps u study!!! 
lv_marcel, Tue Jan 26 22:59:28 +0000 2021, -118.411907, 34.020789, Shit I don‚Äôt blame Tristan for risking it. I‚Äôd risk my whole fam too 
KristeenDidIt, Tue Jan 26 22:59:28 +0000 2021, -79.002112, 35.054627, And that‚Äôs that! Tried to deny this Trini queen her blackness and my bitch said NOT TODAY!!! 
KurtDouglas10, Tue Jan 26 22:59:28 +0000 2021, -87.864887, 42.314577, @MMonaeBaby I didn‚Äôt do it on purposeü§∑üèΩ‚Äç‚ôÇÔ∏è 
lulcurlyhead, Tue Jan 26 22:59:28 +0000 2021, -79.857363, 36.090397, our professor asked us to describe our future with two words and this girl said HAIRY LMAO so tiana gone text me ‚Äúso she not gone shave‚Äù BYE 
papixavien, Tue Jan 26 22:59:28 +0000 2021, -82.442694, 27.996595, https://t.co/3ibg2NYUUn 
ghost_Lain, Tue Jan 26 22:59:28 +0000 2021, -95.446486, 29.838495, @_snowsisters THEN WHY'S SHE GOT THOSE NEFARIOUS MITTEN-HANDS BEHIND HER BACK FOR, HUH? I KNOW SHE WANTS ME DEAD I CAN SEE IT IN HER EYES 
PedroFonsecaNi, Tue Jan 26 22:59:28 +0000 2021, -118.291986, 34.061458, Donde el mar y el cielo se juntan... https://t.co/S1FeOQY4AE 
nickielgolden, Tue Jan 26 22:59:28 +0000 2021, -80.619743, 35.488202, Also Twisters on AMC 
alpharhoprez, Tue Jan 26 22:59:28 +0000 2021, -71.757844, 42.525078, @UF https://t.co/yBfN9J0o6f 
BigJohnsTruckin, Tue Jan 26 22:59:29 +0000 2021, -82.669467, 40.365160, Dancing trucker review Your amazing and I am a big fan of you.. u remind me so much of my uncle in Michigan he wo‚Ä¶ https://t.co/aJCrg28lYI 
ndosports, Tue Jan 26 22:59:29 +0000 2021, -92.491188, 34.618010, @kellimarks @devonjm I thought that was bbq! lol 
tmj_CA_transp, Tue Jan 26 22:59:29 +0000 2021, -122.391675, 40.586540, This job might be a great fit for you: Entry Level Diesel Technician! 1st Shift! Weekends off! -‚Ä¶ https://t.co/YtcQzZHt5J 
analyrodriguez_, Tue Jan 26 22:59:29 +0000 2021, -99.779842, 29.212747, sudden urge to dye my hair brown, someone tell me no 
MarcBennett_, Tue Jan 26 22:59:29 +0000 2021, -77.171761, 39.194049, Mind you gym day business and imma mind my rest day business. See cooperation? ~ Management https://t.co/lPF5kqEcV7 
